Date,Target
2006-01-03,0.04443568940187666
2006-01-04,0.03499919096519003
2006-01-05,0.03243085832642853
2006-01-06,0.031833245555774395
2006-01-09,0.03580975103485137
2006-01-10,0.03636534868444715
2006-01-11,0.034539205764840965
2006-01-12,0.038715079174941935
2006-01-13,0.033946584318826675
2006-01-17,0.03989300234458189
2006-01-18,0.056552310708301606
2006-01-19,0.053056659378773616
2006-01-20,0.06983802984403326
2006-01-23,0.06871238909119323
2006-01-24,0.06832646037812061
2006-01-25,0.06742408659860724
2006-01-26,0.06986803817650139
2006-01-27,0.06379897974883404
2006-01-30,0.06525892748252421
2006-01-31,0.06559753738527418
2006-02-01,0.06498455345904287
2006-02-02,0.07563501125426375
2006-02-03,0.08272742250216177
2006-02-06,0.08853614825914084
2006-02-07,0.0977063490997998
2006-02-08,0.09210282782796057
2006-02-09,0.09914694318086763
2006-02-10,0.08709617000646101
2006-02-13,0.09111862731745445
2006-02-14,0.08028812317796045
2006-02-15,0.06860160827636719
2006-02-16,0.060463137819936584
2006-02-17,0.05986456230257362
2006-02-21,0.07540743224304801
2006-02-22,0.06975478568358834
2006-02-23,0.07604495194877975
2006-02-24,0.06894511422926664
2006-02-27,0.0670571736966453
2006-02-28,0.08102072915243842
2006-03-01,0.07897833186706017
2006-03-02,0.08333457221085663
2006-03-03,0.08742029862907383
2006-03-06,0.09617756987390352
2006-03-07,0.09767375822198393
2006-03-08,0.09725694833664432
2006-03-09,0.10521681410325051
2006-03-10,0.09327925514458685
2006-03-13,0.0761838409527821
2006-03-14,0.06877947373194508
2006-03-15,0.07402799611029816
2006-03-16,0.07300839790436278
2006-03-17,0.06843370505832855
2006-03-20,0.07971928354260951
2006-03-21,0.09060076552841147
2006-03-22,0.08264879400102218
2006-03-23,0.08114191119975174
2006-03-24,0.08203693054541387
2006-03-27,0.08560940294326372
2006-03-28,0.09149964036722188
2006-03-29,0.08467326101875947
2006-03-30,0.09631993096279562
2006-03-31,0.10211061434870836
2006-04-03,0.0960617626974527
2006-04-04,0.09159755132158473
2006-04-05,0.08537159237921503
2006-04-06,0.0834657508595949
2006-04-07,0.08896951737987263
2006-04-10,0.09276428695363763
2006-04-11,0.10902634554447657
2006-04-12,0.10605377283902369
2006-04-13,0.10020793580134825
2006-04-17,0.10212943292334252
2006-04-18,0.08495497065244044
2006-04-19,0.0761719352448577
2006-04-20,0.07730316433781233
2006-04-21,0.07689429702422435
2006-04-24,0.0815986357643222
2006-04-25,0.09378213542683536
2006-04-26,0.09600044660895599
2006-04-27,0.09328715789936758
2006-04-28,0.09156805694062609
2006-05-01,0.09284476524571937
2006-05-02,0.0893155264971998
2006-05-03,0.08778243317380108
2006-05-04,0.08819964963564489
2006-05-05,0.08626749507809219
2006-05-08,0.07491732797376244
2006-05-09,0.07323002700831197
2006-05-10,0.07390862254651678
2006-05-11,0.09410982158789549
2006-05-12,0.11384405773656205
2006-05-15,0.1169872085023175
2006-05-16,0.12097553085726698
2006-05-17,0.13907523412618372
2006-05-18,0.1475578199255704
2006-05-19,0.1444243514385554
2006-05-22,0.14756718742277328
2006-05-23,0.14442384001481265
2006-05-24,0.13888783006739439
2006-05-25,0.13463956085836273
2006-05-26,0.13681103141191664
2006-05-30,0.1563177663090897
2006-05-31,0.14601333624615398
2006-06-01,0.135310527303206
2006-06-02,0.13150707024610214
2006-06-05,0.1510246346062268
2006-06-06,0.14822959167559363
2006-06-07,0.15381918317698828
2006-06-08,0.11217633678063667
2006-06-09,0.1233888776140621
2006-06-12,0.13392981509124693
2006-06-13,0.1335960172649561
2006-06-14,0.1171343626866821
2006-06-15,0.11085370988652309
2006-06-16,0.1122057043782777
2006-06-19,0.13043794531921732
2006-06-20,0.13121308530127238
2006-06-21,0.12330301104832882
2006-06-22,0.10625399661209796
2006-06-23,0.11464045315011048
2006-06-26,0.11332520156008226
2006-06-27,0.11923015318091093
2006-06-28,0.1252488431731541
2006-06-29,0.1084713653544414
2006-06-30,0.1297749127911279
2006-07-03,0.12056812248243497
2006-07-05,0.1299855589530409
2006-07-06,0.12826514000844857
2006-07-07,0.12890761402830495
2006-07-10,0.11827135472005575
2006-07-11,0.1179632429681956
2006-07-12,0.1289210336191889
2006-07-13,0.14672216829760518
2006-07-14,0.16305620152168224
2006-07-17,0.16596327755068704
2006-07-18,0.16727845258511914
2006-07-19,0.14668872144432116
2006-07-20,0.1595190324359542
2006-07-21,0.16010767626964775
2006-07-24,0.1482183578386882
2006-07-25,0.14498610585333918
2006-07-26,0.15762372105990982
2006-07-27,0.1648828668047785
2006-07-28,0.15169523582564706
2006-07-31,0.15201380249500904
2006-08-01,0.167933405926997
2006-08-02,0.15932238990274109
2006-08-03,0.15632640895685077
2006-08-04,0.16888136339075638
2006-08-07,0.17125342116835843
2006-08-08,0.175063681095672
2006-08-09,0.17095466036787238
2006-08-10,0.16864938973004995
2006-08-11,0.18092114836331497
2006-08-14,0.1846540091341219
2006-08-15,0.17116013517959647
2006-08-16,0.16523464632045323
2006-08-17,0.16203717467642165
2006-08-18,0.16146809440403762
2006-08-21,0.14947742481995965
2006-08-22,0.15939856012251205
2006-08-23,0.16253802099550102
2006-08-24,0.1582718960069411
2006-08-25,0.16913886649517687
2006-08-28,0.16206268797738074
2006-08-29,0.16750235056569876
2006-08-30,0.16832773948433224
2006-08-31,0.1689650855972436
2006-09-01,0.1611505770036185
2006-09-05,0.1479230990029507
2006-09-06,0.16571298746776345
2006-09-07,0.17317349224742873
2006-09-08,0.17807865665146067
2006-09-11,0.17781672677156657
2006-09-12,0.1700989838692403
2006-09-13,0.16775293909431413
2006-09-14,0.16308833766145603
2006-09-15,0.14982644437362955
2006-09-18,0.1283246114077963
2006-09-19,0.1442199896665838
2006-09-20,0.13880373530461618
2006-09-21,0.13275112616096132
2006-09-22,0.15279363100447343
2006-09-25,0.14822408250313857
2006-09-26,0.1470872617089442
2006-09-27,0.14548970737519
2006-09-28,0.14550963908532968
2006-09-29,0.13249241566721798
2006-10-02,0.14336898928707623
2006-10-03,0.12626400753442962
2006-10-04,0.10927273322328743
2006-10-05,0.10321311166634703
2006-10-06,0.11614638813998862
2006-10-09,0.11479567236323893
2006-10-10,0.11077856598278901
2006-10-11,0.12554547106871547
2006-10-12,0.11889967515213444
2006-10-13,0.11700182325110424
2006-10-16,0.11787640856184475
2006-10-17,0.12301596037621335
2006-10-18,0.10566696524347834
2006-10-19,0.11104937464592321
2006-10-20,0.13086364078682639
2006-10-23,0.12743458917066794
2006-10-24,0.1249764146700265
2006-10-25,0.12092867123677466
2006-10-26,0.11308930577099223
2006-10-27,0.12759376377328036
2006-10-30,0.11333661055901562
2006-10-31,0.11874973644774436
2006-11-01,0.10471481735995217
2006-11-02,0.11025056223640774
2006-11-03,0.08675509866999465
2006-11-06,0.05737865470871061
2006-11-07,0.0658572724323537
2006-11-08,0.050190550976063925
2006-11-09,0.06346818637640607
2006-11-10,0.06611624675475872
2006-11-13,0.03513385613070399
2006-11-14,0.05343741462779515
2006-11-15,0.05738345928278346
2006-11-16,0.0698190974073576
2006-11-17,0.03703255527880941
2006-11-20,0.03794360203387183
2006-11-21,0.03572114773813025
2006-11-22,0.014543929435025114
2006-11-24,0.004104357900287734
2006-11-27,0.021209050495114574
2006-11-28,0.04270506804131335
2006-11-29,0.032919419357427336
2006-11-30,0.03319219927625691
2006-12-01,0.04822761148373934
2006-12-04,0.03788180216573623
2006-12-05,0.045668512613857425
2006-12-06,0.03814142099033935
2006-12-07,0.017814342170547476
2006-12-08,0.038245506761428225
2006-12-11,0.03156313646676844
2006-12-12,0.044227612747005665
2006-12-13,0.0539269359220027
2006-12-14,0.032830850548750797
2006-12-15,0.03605945262058687
2006-12-18,0.021842183219433764
2006-12-19,0.01834372799835864
2006-12-20,0.03369086703509085
2006-12-21,0.037552004464521636
2006-12-22,0.051879795925324906
2006-12-26,0.04753332939900898
2006-12-27,0.0349093519854649
2006-12-28,0.06671443019459211
2006-12-29,0.07807232366680168
2007-01-03,0.07210929420764035
2007-01-04,0.07572939969830557
2007-01-05,0.07662570494955813
2007-01-08,0.07387248212262242
2007-01-09,0.08024166656221189
2007-01-10,0.08236210998174273
2007-01-11,0.07229148178406032
2007-01-12,0.08129420658092545
2007-01-16,0.0801242953506463
2007-01-17,0.07616975232769542
2007-01-18,0.0816548098332341
2007-01-19,0.08884303797295526
2007-01-22,0.09109948299731505
2007-01-23,0.09605111738715726
2007-01-24,0.0849506401543711
2007-01-25,0.09165672275294054
2007-01-26,0.09817321987667653
2007-01-29,0.09016483384759505
2007-01-30,0.07678370062844658
2007-01-31,0.07161530808444226
2007-02-01,0.06510644872074116
2007-02-02,0.03606762661026424
2007-02-05,0.0410092441694783
2007-02-06,0.04944058413005007
2007-02-07,0.045420052457519275
2007-02-08,0.04563247035961565
2007-02-09,0.06760494467678524
2007-02-12,0.07507481370346718
2007-02-13,0.06007229250895373
2007-02-14,0.06464643228071423
2007-02-15,0.03544036678490401
2007-02-16,0.03717519539099333
2007-02-20,0.029109112045720503
2007-02-21,0.042973878445561706
2007-02-22,0.013210831081083913
2007-02-23,0.01624878828897487
2007-02-26,0.0029874746057078445
2007-02-27,0.02869111213953206
2007-02-28,0.052764465513065927
2007-03-01,0.04804115680793585
2007-03-02,0.046122665889454816
2007-03-05,0.06158122683453926
2007-03-06,0.027131799560133632
2007-03-07,0.034289518792305684
2007-03-08,0.01061424557371148
2007-03-09,0.026988100049904
2007-03-12,0.0004407757201397881
2007-03-13,0.03648900981789247
2007-03-14,0.05900500514929252
2007-03-15,0.05562095252156887
2007-03-16,0.06791165275789406
2007-03-19,0.050183289168177825
2007-03-20,0.03674862135136117
2007-03-21,0.03482130765896259
2007-03-22,0.05074792252253111
2007-03-23,0.04773314685319441
2007-03-26,0.05458084239130435
2007-03-27,0.03432710086401355
2007-03-28,0.048940529277133715
2007-03-29,0.046311855304295775
2007-03-30,0.033141876262115344
2007-04-02,0.014987171285066882
2007-04-03,0.011969898317333735
2007-04-04,0.009469424073761383
2007-04-05,0.011331513022180413
2007-04-09,0.027585283218321068
2007-04-10,0.03318162652143312
2007-04-11,0.04085847871037988
2007-04-12,0.019664297377368578
2007-04-13,0.01764808141191373
2007-04-16,2.045132754472086e-05
2007-04-17,-0.016527541394967
2007-04-18,-0.01720880531090832
2007-04-19,-0.040184110183910986
2007-04-20,-0.045925774242082204
2007-04-23,-0.061272382228525595
2007-04-24,-0.0481488423147389
2007-04-25,-0.0502133752952231
2007-04-26,-0.06239249153003179
2007-04-27,-0.05208587889901001
2007-04-30,-0.06841749649506014
2007-05-01,-0.07609506421359799
2007-05-02,-0.10874247230238955
2007-05-03,-0.11794545458534128
2007-05-04,-0.1295944499607955
2007-05-07,-0.11320455196083347
2007-05-08,-0.10323536693718736
2007-05-09,-0.12030436472116378
2007-05-10,-0.09219763888427371
2007-05-11,-0.09532817284932793
2007-05-14,-0.09802079860774147
2007-05-15,-0.08169512011467465
2007-05-16,-0.07840752476955716
2007-05-17,-0.08721206657473972
2007-05-18,-0.12221965874343294
2007-05-21,-0.13025377194550275
2007-05-22,-0.1228315103385975
2007-05-23,-0.12546311227809462
2007-05-24,-0.11169412063074183
2007-05-25,-0.11009216500790055
2007-05-29,-0.09939992877335381
2007-05-30,-0.11852466454854653
2007-05-31,-0.11801100564414298
2007-06-01,-0.12208231296208705
2007-06-04,-0.11639315620166385
2007-06-05,-0.123073861252468
2007-06-06,-0.1082589852262727
2007-06-07,-0.07977348141308475
2007-06-08,-0.08382471044665571
2007-06-11,-0.0855465277801932
2007-06-12,-0.08393834312730242
2007-06-13,-0.12208464487484223
2007-06-14,-0.12582651566947228
2007-06-15,-0.1344893239543642
2007-06-18,-0.12889852804439866
2007-06-19,-0.1495468427030413
2007-06-20,-0.1450715050247374
2007-06-21,-0.16346182530886672
2007-06-22,-0.12106673083666125
2007-06-25,-0.12617007754033055
2007-06-26,-0.11883664063589172
2007-06-27,-0.14485438620958924
2007-06-28,-0.152160768870063
2007-06-29,-0.11481690102418565
2007-07-02,-0.14545586302301142
2007-07-03,-0.1281158301869196
2007-07-05,-0.11506491197197329
2007-07-06,-0.11594702044225565
2007-07-09,-0.12450303472451603
2007-07-10,-0.12208300396502987
2007-07-11,-0.13401724943620966
2007-07-12,-0.14537701563512767
2007-07-13,-0.11743635831823672
2007-07-16,-0.11744926683130519
2007-07-17,-0.11621493709759015
2007-07-18,-0.1136809112422999
2007-07-19,-0.11624637629785384
2007-07-20,-0.10987545740560836
2007-07-23,-0.12135677430987475
2007-07-24,-0.09959364831109574
2007-07-25,-0.12203493464599657
2007-07-26,-0.10409674796152232
2007-07-27,-0.08534898497437775
2007-07-30,-0.07408869653497094
2007-07-31,-0.06164489045572178
2007-08-01,-0.05149378126895625
2007-08-02,-0.057077781560632763
2007-08-03,-0.03985884390885299
2007-08-06,-0.05978182262173658
2007-08-07,-0.059517452291470894
2007-08-08,-0.0665447015098018
2007-08-09,-0.03903403921112682
2007-08-10,-0.04313315030568383
2007-08-13,-0.04634121361707519
2007-08-14,-0.012057196272942414
2007-08-15,0.005118414368458148
2007-08-16,-0.002678459291674408
2007-08-17,-0.01914320978899363
2007-08-20,-0.036650479574894194
2007-08-21,-0.03416436893489704
2007-08-22,-0.05176659570418073
2007-08-23,-0.04028720953525641
2007-08-24,-0.05159625807378976
2007-08-27,-0.039630760596088
2007-08-28,-0.006136752738413415
2007-08-29,-0.02624066371770715
2007-08-30,-0.021274120807601583
2007-08-31,-0.041106090422417495
2007-09-04,-0.06627417390351494
2007-09-05,-0.0529379819252135
2007-09-06,-0.06940583120505285
2007-09-07,-0.04691965942085825
2007-09-10,-0.04192325370158874
2007-09-11,-0.049765870617363914
2007-09-12,-0.04837047138868289
2007-09-13,-0.0662285861790358
2007-09-14,-0.07182076845944922
2007-09-17,-0.06734843842341687
2007-09-18,-0.07614916516720673
2007-09-19,-0.11010246519707222
2007-09-20,-0.10336789480452675
2007-09-21,-0.10965758387268557
2007-09-24,-0.12007405307898728
2007-09-25,-0.11688557970627365
2007-09-26,-0.1084226048457292
2007-09-27,-0.11182070399794661
2007-09-28,-0.11515961767746029
2007-10-01,-0.13524535576696678
2007-10-02,-0.13177039640037685
2007-10-03,-0.14397334162363928
2007-10-04,-0.14573122994047366
2007-10-05,-0.15620280824657046
2007-10-08,-0.14853340367575862
2007-10-09,-0.1801744213661377
2007-10-10,-0.18182107249873708
2007-10-11,-0.17653645315311065
2007-10-12,-0.17728902931985313
2007-10-15,-0.18543817025132434
2007-10-16,-0.17915152751927657
2007-10-17,-0.1874658933529798
2007-10-18,-0.1729650488830552
2007-10-19,-0.17055507529755773
2007-10-22,-0.1679180184856305
2007-10-23,-0.1843260233919303
2007-10-24,-0.1897115570680803
2007-10-25,-0.197761480062212
2007-10-26,-0.18883854307548675
2007-10-29,-0.18213087628452748
2007-10-30,-0.17657506915101087
2007-10-31,-0.18677148534952198
2007-11-01,-0.15343000079306376
2007-11-02,-0.15067073780633106
2007-11-05,-0.1661795919103686
2007-11-06,-0.17267327934715546
2007-11-07,-0.16349060110210892
2007-11-08,-0.14345970256882612
2007-11-09,-0.11655771280012697
2007-11-12,-0.11937356162290964
2007-11-13,-0.14904289723972167
2007-11-14,-0.15066841172206405
2007-11-15,-0.11457810476789648
2007-11-16,-0.11623047970384598
2007-11-19,-0.11665636688393871
2007-11-20,-0.09959019917039327
2007-11-21,-0.07866490094070573
2007-11-23,-0.104886506887606
2007-11-26,-0.08626228818212715
2007-11-27,-0.09473259111491736
2007-11-28,-0.11628164768910502
2007-11-29,-0.1300383739262618
2007-11-30,-0.14478717144988432
2007-12-03,-0.13439100187239914
2007-12-04,-0.12651854566769277
2007-12-05,-0.12983754811469633
2007-12-06,-0.15955259294748217
2007-12-07,-0.15495196198334033
2007-12-10,-0.15455548483808024
2007-12-11,-0.11976446910918537
2007-12-12,-0.1370653740779076
2007-12-13,-0.14164784789373952
2007-12-14,-0.1314554154581876
2007-12-17,-0.14459510673575007
2007-12-18,-0.14616690588861866
2007-12-19,-0.12746728213179628
2007-12-20,-0.1613634400867531
2007-12-21,-0.1700415831462278
2007-12-24,-0.16532454169283128
2007-12-26,-0.1642295830792681
2007-12-27,-0.19208550238622002
2007-12-28,-0.17916253501753251
2007-12-31,-0.21246150386509716
2008-01-02,-0.16629123160554476
2008-01-03,-0.13272898199809618
2008-01-04,-0.14489635269511011
2008-01-07,-0.16096829100965604
2008-01-08,-0.14697268351861484
2008-01-09,-0.14189602838561616
2008-01-10,-0.1457829820745293
2008-01-11,-0.21027535044396015
2008-01-14,-0.176444847059797
2008-01-15,-0.15923089203307209
2008-01-16,-0.18855223644163427
2008-01-17,-0.1755259850225014
2008-01-18,-0.20246148750050202
2008-01-22,-0.2398092480207936
2008-01-23,-0.264201389208696
2008-01-24,-0.3270170782158469
2008-01-25,-0.32420470265331675
2008-01-28,-0.258951516637756
2008-01-29,-0.26740807898808255
2008-01-30,-0.33040766211966077
2008-01-31,-0.3134598243420175
2008-02-01,-0.32597357199075067
2008-02-04,-0.28636602689415547
2008-02-05,-0.28548451540696573
2008-02-06,-0.3239247146078906
2008-02-07,-0.32073964430316493
2008-02-08,-0.34141322040636984
2008-02-11,-0.3660660430169023
2008-02-12,-0.30273711135370845
2008-02-13,-0.3197167564390014
2008-02-14,-0.2926693376504917
2008-02-15,-0.2824020866763516
2008-02-19,-0.28357481071490565
2008-02-20,-0.26049426973317275
2008-02-21,-0.2903175357423882
2008-02-22,-0.33125908855982
2008-02-25,-0.3213369608568805
2008-02-26,-0.3345278717882188
2008-02-27,-0.34859639752735133
2008-02-28,-0.37682794636039607
2008-02-29,-0.3151439733935653
2008-03-03,-0.3440518571909157
2008-03-04,-0.3587714339551536
2008-03-05,-0.35583712486282304
2008-03-06,-0.38161826040300967
2008-03-07,-0.41823298415606863
2008-03-10,-0.37172225483195187
2008-03-11,-0.3550070178989931
2008-03-12,-0.3448887108863321
2008-03-13,-0.32520448364446347
2008-03-14,-0.30423713257678814
2008-03-17,-0.3606376017686904
2008-03-18,-0.36215188257091596
2008-03-19,-0.32938497499731356
2008-03-20,-0.3642620480517284
2008-03-24,-0.3510015674317116
2008-03-25,-0.3276372931262808
2008-03-26,-0.3373722311225093
2008-03-27,-0.32171736693630737
2008-03-28,-0.33578409215574645
2008-03-31,-0.33489830426822503
2008-04-01,-0.36609060614200256
2008-04-02,-0.33224135988787096
2008-04-03,-0.339506799622158
2008-04-04,-0.35399882258803134
2008-04-07,-0.3531117638730086
2008-04-08,-0.3616957540979738
2008-04-09,-0.3627417113690343
2008-04-10,-0.36191246682779415
2008-04-11,-0.3451527827476615
2008-04-14,-0.3454739685728115
2008-04-15,-0.33256897791559575
2008-04-16,-0.3381377539154883
2008-04-17,-0.3176426170866964
2008-04-18,-0.3329281238830254
2008-04-21,-0.3266674956113272
2008-04-22,-0.3410686054454962
2008-04-23,-0.3407419615057411
2008-04-24,-0.3589161950294857
2008-04-25,-0.37742514805339744
2008-04-28,-0.375674082746113
2008-04-29,-0.3942082112723769
2008-04-30,-0.39106083975221734
2008-05-01,-0.3967956520537815
2008-05-02,-0.43049723686310987
2008-05-05,-0.4030224043764188
2008-05-06,-0.4165385794550121
2008-05-07,-0.4025793717407001
2008-05-08,-0.401458148377329
2008-05-09,-0.3908217332774104
2008-05-12,-0.3772424413123981
2008-05-13,-0.3976365669413446
2008-05-14,-0.413712333108285
2008-05-15,-0.42016196352476465
2008-05-16,-0.4117164036005069
2008-05-19,-0.4166462379030702
2008-05-20,-0.4015494828248697
2008-05-21,-0.37542694020800693
2008-05-22,-0.3761322265718189
2008-05-23,-0.3988357395685571
2008-05-27,-0.39817374314981857
2008-05-28,-0.3995067563730712
2008-05-29,-0.4086650400635695
2008-05-30,-0.43646011785479893
2008-06-02,-0.43101895984894917
2008-06-03,-0.434587893414583
2008-06-04,-0.4408582521821
2008-06-05,-0.4705815382362929
2008-06-06,-0.4317988181425322
2008-06-09,-0.4383004208313396
2008-06-10,-0.44581280766044173
2008-06-11,-0.4495727918361542
2008-06-12,-0.47694924889864126
2008-06-13,-0.488003939552834
2008-06-16,-0.4758848446191426
2008-06-17,-0.4947554938776897
2008-06-18,-0.4891800966116573
2008-06-19,-0.49619084214909864
2008-06-20,-0.45399228619171633
2008-06-23,-0.4526858988227902
2008-06-24,-0.428786669668525
2008-06-25,-0.4277101563883653
2008-06-26,-0.4124693135608256
2008-06-27,-0.3913233998145045
2008-06-30,-0.37941408157348633
2008-07-01,-0.38980943632532944
2008-07-02,-0.39078257488698875
2008-07-03,-0.3483886554741657
2008-07-07,-0.356293603500718
2008-07-08,-0.3610111988039275
2008-07-09,-0.3308695140489384
2008-07-10,-0.3490134811148398
2008-07-11,-0.3646338126958484
2008-07-14,-0.35042744980885954
2008-07-15,-0.3323949969369637
2008-07-16,-0.3300089815819249
2008-07-17,-0.33151895081824945
2008-07-18,-0.33727833798160656
2008-07-21,-0.35273810492621527
2008-07-22,-0.3538293084224501
2008-07-23,-0.33195545379247315
2008-07-24,-0.31440915764138655
2008-07-25,-0.3309534462327135
2008-07-28,-0.30972074748325223
2008-07-29,-0.31499365006290025
2008-07-30,-0.3228785690020529
2008-07-31,-0.3432198618871189
2008-08-01,-0.32549929972124453
2008-08-04,-0.3246251181355546
2008-08-05,-0.3369653355389746
2008-08-06,-0.328081958563945
2008-08-07,-0.3226993403650048
2008-08-08,-0.3403171990120395
2008-08-11,-0.33070814007543686
2008-08-12,-0.32318797393604376
2008-08-13,-0.3175458268029896
2008-08-14,-0.298306982941238
2008-08-15,-0.3038052520514151
2008-08-18,-0.2808305593190031
2008-08-19,-0.2836526248553975
2008-08-20,-0.27092915719442295
2008-08-21,-0.2883886836847175
2008-08-22,-0.29705153234050985
2008-08-25,-0.3022638953944
2008-08-26,-0.29763037611568893
2008-08-27,-0.31114337551463855
2008-08-28,-0.30058893470597514
2008-08-29,-0.2920885573363563
2008-09-02,-0.29282706227393923
2008-09-03,-0.30325963489776
2008-09-04,-0.28284401937562664
2008-09-05,-0.26722800737820285
2008-09-08,-0.29557736688088354
2008-09-09,-0.2594343779489285
2008-09-10,-0.25396903874338245
2008-09-11,-0.24513033244600535
2008-09-12,-0.2452344594645992
2008-09-15,-0.21878087707630586
2008-09-16,-0.22341789639734652
2008-09-17,-0.18704760941638507
2008-09-18,-0.22160611429085983
2008-09-19,-0.249107606149423
2008-09-22,-0.22197180739893216
2008-09-23,-0.2047852771828922
2008-09-24,-0.20209632938798497
2008-09-25,-0.23607739983118645
2008-09-26,-0.2483371747243314
2008-09-29,-0.1768858247314342
2008-09-30,-0.21261873979638132
2008-10-01,-0.2065613026215688
2008-10-02,-0.19854977694353595
2008-10-03,-0.1857027269177687
2008-10-06,-0.14755557347081782
2008-10-07,-0.07625746282738782
2008-10-08,-0.06704974705428562
2008-10-09,0.019023648105003652
2008-10-10,0.022352747131913646
2008-10-13,-0.07975278860136872
2008-10-14,-0.10179259312171267
2008-10-15,-0.010045884608033144
2008-10-16,-0.06910174432871162
2008-10-17,-0.06484502793678197
2008-10-20,-0.10424196183611881
2008-10-21,-0.07949320337210855
2008-10-22,0.004761433525054782
2008-10-23,-0.0024996515099599595
2008-10-24,0.06376811695092238
2008-10-27,0.10816096825692974
2008-10-28,-0.00013822806930560708
2008-10-29,0.02262144246237924
2008-10-30,0.0005135681335962928
2008-10-31,-0.015153540826612903
2008-11-03,0.01033839424668954
2008-11-04,-0.026338543608625403
2008-11-05,0.030867861647242596
2008-11-06,0.08259657615492817
2008-11-07,0.04743341458329782
2008-11-10,0.07347611145753245
2008-11-11,0.09848152517887723
2008-11-12,0.17638157836787421
2008-11-13,0.1035455767778535
2008-11-14,0.1482096393321127
2008-11-17,0.17200119552141493
2008-11-18,0.17618026144405635
2008-11-19,0.24860516532454352
2008-11-20,0.3215006809308616
2008-11-21,0.25721530533369263
2008-11-24,0.18891534892919237
2008-11-25,0.17110067728883432
2008-11-26,0.10369726540247635
2008-11-28,0.10424662333059748
2008-12-01,0.22083776864729374
2008-12-02,0.18680269791196502
2008-12-03,0.17845742287156416
2008-12-04,0.21337637755519104
2008-12-05,0.17342220530962033
2008-12-08,0.1301747623624369
2008-12-09,0.16013818436014526
2008-12-10,0.1442218594423948
2008-12-11,0.1683054564976669
2008-12-12,0.13448444430136866
2008-12-15,0.14527325559456133
2008-12-16,0.09862239457820554
2008-12-17,0.123814205369045
2008-12-18,0.15826628943933535
2008-12-19,0.16386222173521928
2008-12-22,0.19791655725392146
2008-12-23,0.20803792218264824
2008-12-24,0.20870809918889296
2008-12-26,0.2060380609589331
2008-12-29,0.22927932503717027
2008-12-30,0.19631946994314653
2008-12-31,0.18272908810199281
2009-01-02,0.14258429719601817
2009-01-05,0.15549088368599295
2009-01-06,0.1349844669545273
2009-01-07,0.15896983510915239
2009-01-08,0.14801097831763482
2009-01-09,0.1938900540421816
2009-01-12,0.21872770603029526
2009-01-13,0.21253969728650873
2009-01-14,0.22219978347737993
2009-01-15,0.21507807239611348
2009-01-16,0.22389776374342835
2009-01-20,0.3098532190925847
2009-01-21,0.25866415351129396
2009-01-22,0.2875891002643505
2009-01-23,0.28792592645305964
2009-01-26,0.28643141875054673
2009-01-27,0.26898099055629815
2009-01-28,0.24932213614172272
2009-01-29,0.2974892202328138
2009-01-30,0.3169952623629299
2009-02-02,0.3300906558107141
2009-02-03,0.3011890685702323
2009-02-04,0.2994004659685157
2009-02-05,0.29208496272947987
2009-02-06,0.2429196476291221
2009-02-09,0.22653431262005974
2009-02-10,0.2856159252206415
2009-02-11,0.2505457541861652
2009-02-12,0.2764879634994873
2009-02-13,0.2531927673445537
2009-02-17,0.3214897011630764
2009-02-18,0.32595578097976285
2009-02-19,0.34349243423112075
2009-02-20,0.38514385012831215
2009-02-23,0.4385266627795583
2009-02-24,0.4138188883571538
2009-02-25,0.42895800088763897
2009-02-26,0.4591740297657756
2009-02-27,0.4790569188991935
2009-03-02,0.5602864773278025
2009-03-03,0.5930665368472805
2009-03-04,0.5575349697619675
2009-03-05,0.6259615686415482
2009-03-06,0.6021832898107962
2009-03-09,0.6132026039067262
2009-03-10,0.5372985377516364
2009-03-11,0.5327299085978717
2009-03-12,0.4793803704743139
2009-03-13,0.4427202535796791
2009-03-16,0.45330218413058443
2009-03-17,0.4250501109209569
2009-03-18,0.39641219151063073
2009-03-19,0.4028877031407604
2009-03-20,0.4390662972504477
2009-03-23,0.34065282519752504
2009-03-24,0.3545625316582207
2009-03-25,0.34657436550450293
2009-03-26,0.3235717827416325
2009-03-27,0.35599435113997896
2009-03-30,0.41468889300166195
2009-03-31,0.3886097490709746
2009-04-01,0.3675346825713659
2009-04-02,0.31364600019223904
2009-04-03,0.3085696981639466
2009-04-06,0.33342518656531056
2009-04-07,0.3708785926866628
2009-04-08,0.35802753683016453
2009-04-09,0.3151209298583806
2009-04-13,0.3133115821591092
2009-04-14,0.33832436265225785
2009-04-15,0.32199615892406896
2009-04-16,0.28868599481910057
2009-04-17,0.3028864098931983
2009-04-20,0.36536959782159656
2009-04-21,0.3376858551990345
2009-04-22,0.3534348383944892
2009-04-23,0.3439994406018059
2009-04-24,0.3241056143636076
2009-04-27,0.3250223994629254
2009-04-28,0.33972600412777415
2009-04-29,0.3145688632401449
2009-04-30,0.3015777001576001
2009-05-01,0.3107734921912951
2009-05-04,0.2543980107937046
2009-05-05,0.23531754320459156
2009-05-06,0.18730218152902178
2009-05-07,0.20871952698511395
2009-05-08,0.17534955490175574
2009-05-11,0.20705205642912514
2009-05-12,0.1939561385437274
2009-05-13,0.21489503108828148
2009-05-14,0.21960197126050407
2009-05-15,0.24968278835979493
2009-05-18,0.2061865900053332
2009-05-19,0.17065836348921104
2009-05-20,0.1801055662940167
2009-05-21,0.18958041482853397
2009-05-22,0.20689968380073281
2009-05-26,0.17334371582893207
2009-05-27,0.20761200104292712
2009-05-28,0.18601059680082177
2009-05-29,0.19118956597267184
2009-06-01,0.1661310843060278
2009-06-02,0.17148634697408424
2009-06-03,0.19040314278385187
2009-06-04,0.17565730527906878
2009-06-05,0.1643565449229294
2009-06-08,0.17686391059390247
2009-06-09,0.170314983582752
2009-06-10,0.17605277274359699
2009-06-11,0.18078288863346598
2009-06-12,0.18188354870972517
2009-06-15,0.21117879286607813
2009-06-16,0.23136726732056748
2009-06-17,0.2503430550872581
2009-06-18,0.2396964252460394
2009-06-19,0.23796443380140447
2009-06-22,0.28282049352608646
2009-06-23,0.2850408017064478
2009-06-24,0.276433488487671
2009-06-25,0.2502010274885691
2009-06-26,0.26179119613891705
2009-06-29,0.2577353898198336
2009-06-30,0.2681437875457131
2009-07-01,0.2562139245400483
2009-07-02,0.30051770466901045
2009-07-06,0.30649154600034717
2009-07-07,0.3254031439031075
2009-07-08,0.32535584122115835
2009-07-09,0.32164541566630334
2009-07-10,0.3345238635775087
2009-07-13,0.3021142394164577
2009-07-14,0.2909895997536062
2009-07-15,0.2631341776787414
2009-07-16,0.2622403147870991
2009-07-17,0.26485031075759063
2009-07-20,0.24320539263984542
2009-07-21,0.24289207836474533
2009-07-22,0.2518682968212293
2009-07-23,0.22553750155902882
2009-07-24,0.22265796304158839
2009-07-27,0.2326152369647174
2009-07-28,0.23687761579464892
2009-07-29,0.22250933193497746
2009-07-30,0.21360022247909805
2009-07-31,0.22247546058835252
2009-08-03,0.2027766329885573
2009-08-04,0.20187939601506866
2009-08-05,0.21397804458137668
2009-08-06,0.21559957882388386
2009-08-07,0.17143336218139682
2009-08-10,0.18296099119496184
2009-08-11,0.21363710859022197
2009-08-12,0.1798351023420992
2009-08-13,0.18714764345097154
2009-08-14,0.16881947255399685
2009-08-17,0.18999113874149198
2009-08-18,0.13992547404206526
2009-08-19,0.11482646607702646
2009-08-20,0.15124530816886048
2009-08-21,0.1263582914082072
2009-08-24,0.14245746785472874
2009-08-25,0.12591433988934825
2009-08-26,0.10461819544856732
2009-08-27,0.10277596359273995
2009-08-28,0.08928691973361
2009-08-31,0.09252224546129438
2009-09-01,0.0736944304960033
2009-09-02,0.0934304512754461
2009-09-03,0.07018264310141628
2009-09-04,0.05670012150583647
2009-09-08,0.04150609613458103
2009-09-09,0.06743960421326092
2009-09-10,0.04335627300567773
2009-09-11,0.026833390228380934
2009-09-14,0.04673417639645829
2009-09-15,0.04769002492710026
2009-09-16,-0.003630379923799142
2009-09-17,-0.014096818993058825
2009-09-18,-0.005897265318892251
2009-09-21,-0.008425311822988536
2009-09-22,0.014164876132797679
2009-09-23,0.028966773129779636
2009-09-24,0.03697251042345542
2009-09-25,0.06783926851786809
2009-09-28,0.048571003999571885
2009-09-29,0.052262428674536746
2009-09-30,0.057166965814467854
2009-10-01,0.0809340948311575
2009-10-02,0.06837633297295238
2009-10-05,0.0495743037324801
2009-10-06,0.017985788863444714
2009-10-07,0.018135795408310194
2009-10-08,0.008531334222078427
2009-10-09,-0.028231714972328573
2009-10-12,-0.04226017984271589
2009-10-13,-0.042695094802158245
2009-10-14,-0.06358858006212505
2009-10-15,-0.062468078663968245
2009-10-16,-0.02520045677602543
2009-10-19,-0.025193352204266828
2009-10-20,-0.012006761271358891
2009-10-21,-0.0024505496155304497
2009-10-22,0.0022233592561430268
2009-10-23,0.014422071796476808
2009-10-26,0.027677052015833502
2009-10-27,0.001382317879160255
2009-10-28,0.02744980959991102
2009-10-29,0.016292873489464163
2009-10-30,0.03223349607962238
2009-11-02,0.0487017095204613
2009-11-03,0.054763201163381736
2009-11-04,0.06546584784101768
2009-11-05,0.044260859643346355
2009-11-06,0.0344430509425773
2009-11-09,0.007730517054476789
2009-11-10,0.007859000140496841
2009-11-11,0.024897338524728432
2009-11-12,0.030554404732632958
2009-11-13,0.030873916641027895
2009-11-16,0.014883267861627095
2009-11-17,0.01019532108489017
2009-11-18,0.016210118438336016
2009-11-19,0.0238926236152813
2009-11-20,-0.001750109193078529
2009-11-23,-0.020456686688769914
2009-11-24,-0.023877378764634995
2009-11-25,-0.028137183276709082
2009-11-27,0.0009620324854280373
2009-11-30,-0.0013416670742621972
2009-12-01,-0.029967697371832278
2009-12-02,-0.03385205109688745
2009-12-03,-0.029602204972063288
2009-12-04,-0.04892492297069332
2009-12-07,-0.043435344613924766
2009-12-08,-0.040954606574362125
2009-12-09,-0.028614431998495882
2009-12-10,-0.04846911854125558
2009-12-11,-0.051590347485704256
2009-12-14,-0.03035602115924889
2009-12-15,-0.016093144206422914
2009-12-16,-0.004210356947628231
2009-12-17,-0.0038683220242770786
2009-12-18,-0.0032653729186306406
2009-12-21,-0.008859561675500845
2009-12-22,-0.0075758667601284885
2009-12-23,0.0011690793543657958
2009-12-24,-0.004775943626245161
2009-12-28,-0.002403024470562869
2009-12-29,-0.001367356649754006
2009-12-30,-0.0007369170403721085
2009-12-31,0.024760098606454214
2010-01-04,0.0059930265236459715
2010-01-05,-0.0019709201737589
2010-01-06,-0.010825455471774796
2010-01-07,0.0061138337878889615
2010-01-08,-0.002462878248672982
2010-01-11,0.0006277099124526663
2010-01-12,0.0074897554919394396
2010-01-13,-0.00391043077388939
2010-01-14,-0.0019329979090544997
2010-01-15,0.0008802584211782956
2010-01-19,0.009146014023180656
2010-01-20,0.01926991220685921
2010-01-21,0.03724211705752463
2010-01-22,0.0672217465303502
2010-01-25,0.06249194474859936
2010-01-26,0.0710511847638838
2010-01-27,0.07343961329014806
2010-01-28,0.08232139902549054
2010-01-29,0.09528150218769889
2010-02-01,0.08769822039296872
2010-02-02,0.05671979223749521
2010-02-03,0.07371866113363143
2010-02-04,0.11019558279788132
2010-02-05,0.10963338717514587
2010-02-08,0.12195999590611512
2010-02-09,0.10753651778282039
2010-02-10,0.10702811995399834
2010-02-11,0.09764765033289846
2010-02-12,0.10018502758842836
2010-02-16,0.08175400747560395
2010-02-17,0.08554713980592829
2010-02-18,0.0824124336458098
2010-02-19,0.10087724173513131
2010-02-22,0.10635279896545242
2010-02-23,0.11753154328840211
2010-02-24,0.09786112983185788
2010-02-25,0.10496493524719311
2010-02-26,0.09873339712656369
2010-03-01,0.07484023888236803
2010-03-02,0.071035703198578
2010-03-03,0.05322707986184154
2010-03-04,0.04952936994598543
2010-03-05,0.05092648873366116
2010-03-08,0.053781274017347384
2010-03-09,0.05032225621954397
2010-03-10,0.030656153111662993
2010-03-11,0.041826041313134596
2010-03-12,0.03426989322894497
2010-03-15,0.03237694560135843
2010-03-16,0.018189578425435466
2010-03-17,0.03417908154336086
2010-03-18,0.047777184788323185
2010-03-19,0.05587545060719955
2010-03-22,0.04915889694121116
2010-03-23,0.04222553309918772
2010-03-24,0.05186179915830734
2010-03-25,0.057706347660544985
2010-03-26,0.06326992410040909
2010-03-29,0.05731234714158271
2010-03-30,0.05823036909811945
2010-03-31,0.056266663020169895
2010-04-01,0.054978372696286755
2010-04-05,0.04755616751998559
2010-04-06,0.04845979409459793
2010-04-07,0.06101740233703569
2010-04-08,0.06102291560434911
2010-04-09,0.05224513732693027
2010-04-12,0.05103308002682021
2010-04-13,0.051123326184952675
2010-04-14,0.040581509017513735
2010-04-15,0.03813741304277523
2010-04-16,0.05495206856408643
2010-04-19,0.06208662433471518
2010-04-20,0.052212948409957306
2010-04-21,0.05856022739005533
2010-04-22,0.05392698525717258
2010-04-23,0.044541904408341874
2010-04-26,0.047605254607812945
2010-04-27,0.07668265244584072
2010-04-28,0.07940503017483978
2010-04-29,0.06378957108993762
2010-04-30,0.08978760593678006
2010-05-03,0.07715469949275626
2010-05-04,0.09229726534826704
2010-05-05,0.09811558332191196
2010-05-06,0.13757031229289085
2010-05-07,0.1619976596450524
2010-05-10,0.11334541268740576
2010-05-11,0.12185601282266847
2010-05-12,0.1091348163913251
2010-05-13,0.10272673350947525
2010-05-14,0.13246683422384134
2010-05-17,0.15009590058291922
2010-05-18,0.16348141727896048
2010-05-19,0.1722343557221038
2010-05-20,0.22329439144542923
2010-05-21,0.21270777508777428
2010-05-24,0.23370736848065357
2010-05-25,0.22983526424074047
2010-05-26,0.23776399227949102
2010-05-27,0.20496614310244007
2010-05-28,0.22297381563249802
2010-06-01,0.2403078874906855
2010-06-02,0.21662807074827997
2010-06-03,0.21544581406389346
2010-06-04,0.2611843621886957
2010-06-07,0.2522394529048452
2010-06-08,0.23107346931644304
2010-06-09,0.23720036002817693
2010-06-10,0.21441982848561217
2010-06-11,0.21584829643360323
2010-06-14,0.19887480172242564
2010-06-15,0.17324674221570927
2010-06-16,0.19411272839379753
2010-06-17,0.18378371579200664
2010-06-18,0.17236534208546878
2010-06-21,0.18740568116048825
2010-06-22,0.20515648438945344
2010-06-23,0.18595467109740318
2010-06-24,0.2147641316156999
2010-06-25,0.20397303288651913
2010-06-28,0.19291443013460258
2010-06-29,0.20709924385433814
2010-06-30,0.23576953650917573
2010-07-01,0.24513073869904703
2010-07-02,0.26970993289881295
2010-07-06,0.2584576248404748
2010-07-07,0.22378263570646664
2010-07-08,0.22369543020760335
2010-07-09,0.2187837177973802
2010-07-12,0.21454455750289686
2010-07-13,0.2045939914354412
2010-07-14,0.21283449735404913
2010-07-15,0.2091693233540747
2010-07-16,0.2512302119207469
2010-07-19,0.24421936533693114
2010-07-20,0.2299535098989755
2010-07-21,0.24864675412153803
2010-07-22,0.21929828575638063
2010-07-23,0.2045145400897665
2010-07-26,0.18784580347929017
2010-07-27,0.1798463643848915
2010-07-28,0.1882961572124978
2010-07-29,0.1933583148616748
2010-07-30,0.19796666935200674
2010-08-02,0.15923829928185324
2010-08-03,0.17150102714862323
2010-08-04,0.18019232539377433
2010-08-05,0.18792685735401463
2010-08-06,0.19044433379859008
2010-08-09,0.19458404806828897
2010-08-10,0.20926619745976688
2010-08-11,0.2487539969465334
2010-08-12,0.25839555170687895
2010-08-13,0.26126474005385686
2010-08-16,0.25685114508349144
2010-08-17,0.23319960652900842
2010-08-18,0.22020539398232292
2010-08-19,0.24596742847266223
2010-08-20,0.25623091814776694
2010-08-23,0.27151106731125196
2010-08-24,0.2758990771527503
2010-08-25,0.2779415733217139
2010-08-26,0.2774489190012713
2010-08-27,0.24880941337701884
2010-08-30,0.2669983647848367
2010-08-31,0.2776534644561942
2010-09-01,0.24374003925088839
2010-09-02,0.2230713231734609
2010-09-03,0.19271892827547213
2010-09-07,0.20556131896851568
2010-09-08,0.20166168570496393
2010-09-09,0.20061029625635804
2010-09-10,0.19967546934165536
2010-09-13,0.19903727774178087
2010-09-14,0.1725538109490028
2010-09-15,0.1669851689993667
2010-09-16,0.15604715617729534
2010-09-17,0.14266303272166408
2010-09-20,0.12446726232443266
2010-09-21,0.12263772456436585
2010-09-22,0.13640368049064025
2010-09-23,0.12993077187122576
2010-09-24,0.10721957341758498
2010-09-27,0.12757403216454738
2010-09-28,0.10257044330553274
2010-09-29,0.107370328616149
2010-09-30,0.114178105856316
2010-10-01,0.11526381581763916
2010-10-04,0.13938944983923002
2010-10-05,0.10888650841993323
2010-10-06,0.10649416141522723
2010-10-07,0.09532311537639346
2010-10-08,0.0986567813270928
2010-10-11,0.1127159095444403
2010-10-12,0.11766416675954183
2010-10-13,0.12099146253831859
2010-10-14,0.1413005316637569
2010-10-15,0.13746934724101298
2010-10-18,0.1304201153532601
2010-10-19,0.16066553080587032
2010-10-20,0.1405824275824998
2010-10-21,0.11796551549382595
2010-10-22,0.11035607350591857
2010-10-25,0.11141847820547311
2010-10-26,0.10393540952250148
2010-10-27,0.11306192143191182
2010-10-28,0.10277239782600223
2010-10-29,0.12124974183108149
2010-11-01,0.11943798472982212
2010-11-02,0.1258661907550069
2010-11-03,0.12275874268674529
2010-11-04,0.09530243356842459
2010-11-05,0.08654400451376859
2010-11-08,0.06674025313585735
2010-11-09,0.0719218870737964
2010-11-10,0.060367167511112145
2010-11-11,0.0604841208209775
2010-11-12,0.04573018043291848
2010-11-15,0.05225628538535796
2010-11-16,0.018441180897757693
2010-11-17,0.017639755695722292
2010-11-18,-0.0645363329268029
2010-11-19,-0.02267172748425244
2010-11-22,-0.06434912697365304
2010-11-23,-0.006851664609296007
2010-11-24,-0.016305684808507956
2010-11-26,0.01268704011314134
2010-11-29,0.0042096045993219
2010-11-30,0.011299788461789011
2010-12-01,-0.05424222871674195
2010-12-02,-0.08022725405810104
2010-12-03,-0.0823787001546125
2010-12-06,-0.049684429797444044
2010-12-07,-0.037711970920582226
2010-12-08,-0.05618426427166577
2010-12-09,-0.04557984685472425
2010-12-10,-0.024443782459370338
2010-12-13,-0.022201375182939166
2010-12-14,-0.018282969254569684
2010-12-15,-0.024942672223471796
2010-12-16,-0.05543622799226565
2010-12-17,-0.06324415896941653
2010-12-20,-0.038858744142444474
2010-12-21,-0.0547584509076608
2010-12-22,-0.08310030519518363
2010-12-23,-0.07519275486476563
2010-12-27,-0.06732989910081454
2010-12-28,-0.055486214263557654
2010-12-29,-0.04022134243038694
2010-12-30,-0.03328616001101649
2010-12-31,-0.04257979088164943
2011-01-03,-0.05486412099095522
2011-01-04,-0.08143595133255771
2011-01-05,-0.1151532190047793
2011-01-06,-0.10787763434370712
2011-01-07,-0.08537164673859615
2011-01-10,-0.07432171302790903
2011-01-11,-0.09683943550812506
2011-01-12,-0.09763907146214791
2011-01-13,-0.11866701304095388
2011-01-14,-0.15001856672438996
2011-01-18,-0.13209839676555435
2011-01-19,-0.1075652224175067
2011-01-20,-0.09005205050777611
2011-01-21,-0.09965326456646942
2011-01-24,-0.07433140723288655
2011-01-25,-0.0740717875663907
2011-01-26,-0.068932544015045
2011-01-27,-0.07377995444602169
2011-01-28,-0.040553466279933094
2011-01-31,-0.06629242223845246
2011-02-01,-0.06287136111963496
2011-02-02,-0.07219927631944766
2011-02-03,-0.0701629275881433
2011-02-04,-0.055398319732457915
2011-02-07,-0.04917183201615302
2011-02-08,-0.07211389457276127
2011-02-09,-0.05971776739084689
2011-02-10,-0.028202493009586785
2011-02-11,-0.03314904847793482
2011-02-14,-0.059310001085725095
2011-02-15,-0.0826273745392294
2011-02-16,-0.07364996844379254
2011-02-17,-0.05914521916111235
2011-02-18,-0.06684985863399703
2011-02-22,-0.04129412873915979
2011-02-23,-0.024078308001300813
2011-02-24,-0.05895413937624228
2011-02-25,-0.060747987252111155
2011-02-28,-0.04774641469839834
2011-03-01,-0.04175815344735832
2011-03-02,-0.03869484659577525
2011-03-03,-0.07067021690485437
2011-03-04,-0.07949136554557987
2011-03-07,-0.07211496577944643
2011-03-08,-0.09747164595452178
2011-03-09,-0.09998331731030653
2011-03-10,-0.10294102261351364
2011-03-11,-0.11164012488181657
2011-03-14,-0.08009932554785407
2011-03-15,-0.06762000362058032
2011-03-16,-0.007892594286466841
2011-03-17,-0.02287788157419836
2011-03-18,-0.027305862764722185
2011-03-21,-0.031808907001654424
2011-03-22,-0.027284639692697992
2011-03-23,-0.028153296389426808
2011-03-24,-0.057503517423069916
2011-03-25,-0.04461113201674309
2011-03-28,-0.056266628504261035
2011-03-29,-0.07102252857195195
2011-03-30,-0.08766360698995121
2011-03-31,-0.08302720537576008
2011-04-01,-0.08462109794108219
2011-04-04,-0.0956732614571598
2011-04-05,-0.06853361827367738
2011-04-06,-0.06875126591025253
2011-04-07,-0.05962460662713699
2011-04-08,-0.047313285054946204
2011-04-11,-0.04456903867805791
2011-04-12,-0.049096014072231374
2011-04-13,-0.03909739983117946
2011-04-14,-0.04330100956972101
2011-04-15,-0.03229570303600495
2011-04-18,-0.02133101851743599
2011-04-19,-0.024043467752157703
2011-04-20,-0.03950053168798939
2011-04-21,-0.04238141254093602
2011-04-25,-0.03233105706445422
2011-04-26,-0.04064606912098755
2011-04-27,-0.04437693275813833
2011-04-28,-0.05247413829922014
2011-04-29,-0.051290282527682036
2011-05-02,-0.0390678455982066
2011-05-03,-0.031047747540790958
2011-05-04,-0.02370627815183952
2011-05-05,-0.014306026466336398
2011-05-06,-0.019064264802779292
2011-05-09,-0.01502646523540894
2011-05-10,-0.028537519152750237
2011-05-11,-0.01918663629825549
2011-05-12,-0.02642643680959539
2011-05-13,-0.018956909619224797
2011-05-16,-0.004046729148735224
2011-05-17,-0.0025884072422495664
2011-05-18,0.003147634434811143
2011-05-19,0.0005433019365988444
2011-05-20,0.010335512758113148
2011-05-23,0.02473865803920442
2011-05-24,0.02709903750044283
2011-05-25,0.01678951012684323
2011-05-26,0.01967283397906382
2011-05-27,0.014574430748917108
2011-05-31,-0.0014644445247034496
2011-06-01,0.033083556060223646
2011-06-02,0.03678008227153026
2011-06-03,0.047724837809648396
2011-06-06,0.055583622531807875
2011-06-07,0.0611079296401332
2011-06-08,0.06735122049318862
2011-06-09,0.06096971747115012
2011-06-10,0.07962365638903605
2011-06-13,0.07379138792058342
2011-06-14,0.06694772844310233
2011-06-15,0.08235207071052497
2011-06-16,0.07627555164631311
2011-06-17,0.05651591455097326
2011-06-20,0.05809789134695495
2011-06-21,0.0543334055724637
2011-06-22,0.06505118286732742
2011-06-23,0.06824305868353137
2011-06-24,0.10051638212623791
2011-06-27,0.08919620020981103
2011-06-28,0.08169382190577747
2011-06-29,0.07400892393053679
2011-06-30,0.06747484883326371
2011-07-01,0.04915387627240667
2011-07-05,0.04859180907731658
2011-07-06,0.03999347363796374
2011-07-07,0.03243376213671493
2011-07-08,0.054107723095342564
2011-07-11,0.07050453583232602
2011-07-12,0.06995830165744245
2011-07-13,0.06493038012324867
2011-07-14,0.07609615619389302
2011-07-15,0.07818318968255727
2011-07-18,0.08268481762576299
2011-07-19,0.05444211070230753
2011-07-20,0.05448620655335223
2011-07-21,0.028575607194862837
2011-07-22,0.010089029227826462
2011-07-25,0.023388069633825587
2011-07-26,0.041766151125462045
2011-07-27,0.05009617238491892
2011-07-28,0.052972621814796665
2011-07-29,0.07622186969305213
2011-08-01,0.07630509403172572
2011-08-02,0.09797854179106018
2011-08-03,0.09377633549820552
2011-08-04,0.13905022422500804
2011-08-05,0.14389931891283755
2011-08-08,0.2422864505503229
2011-08-09,0.1939821970344493
2011-08-10,0.2521503025835435
2011-08-11,0.1921050081160559
2011-08-12,0.1925754586503289
2011-08-15,0.1642355436435651
2011-08-16,0.1666805852775893
2011-08-17,0.1467555292261103
2011-08-18,0.20070129026492892
2011-08-19,0.21378150573916135
2011-08-22,0.20533539249557886
2011-08-23,0.16831420721613205
2011-08-24,0.14927822920090694
2011-08-25,0.15447648350907786
2011-08-26,0.13074437369779052
2011-08-29,0.09480372945558725
2011-08-30,0.07580049638490048
2011-08-31,0.06262251321888401
2011-09-01,0.09263375086617905
2011-09-02,0.1215193213964785
2011-09-06,0.13183549861371352
2011-09-07,0.1018338248076834
2011-09-08,0.11124033996051218
2011-09-09,0.15438003386829102
2011-09-12,0.12996113142342927
2011-09-13,0.11719965683303686
2011-09-14,0.07517580956506317
2011-09-15,0.057124719170433526
2011-09-16,0.057145903139209
2011-09-19,0.09221905523218239
2011-09-20,0.09391977940438005
2011-09-21,0.13618912465639085
2011-09-22,0.1587963329196456
2011-09-23,0.16521034390714567
2011-09-26,0.1306419537296867
2011-09-27,0.13078321059107276
2011-09-28,0.1666115558391106
2011-09-29,0.158893485870025
2011-09-30,0.2002438773608896
2011-10-03,0.23330873929415255
2011-10-04,0.17933188073329728
2011-10-05,0.16694490996163636
2011-10-06,0.12768569468809654
2011-10-07,0.14239353578585368
2011-10-10,0.11462139549119639
2011-10-11,0.11166501801536145
2011-10-12,0.128316449931404
2011-10-13,0.134464858008051
2011-10-14,0.12203373306715203
2011-10-17,0.1388338130480018
2011-10-18,0.10551832763134603
2011-10-19,0.11784636119223875
2011-10-20,0.10373621186212992
2011-10-21,0.08334338879214617
2011-10-24,0.06424072279597179
2011-10-25,0.10392577632663375
2011-10-26,0.08988729037716385
2011-10-27,0.06156056035709504
2011-10-28,0.06823651713799449
2011-10-31,0.09830843065290326
2011-11-01,0.11851134501986443
2011-11-02,0.09097664827213663
2011-11-03,0.061182280209316486
2011-11-04,0.06755347023219299
2011-11-07,0.07842237439496975
2011-11-08,0.08625142874746576
2011-11-09,0.12708492095423213
2011-11-10,0.11262402243801511
2011-11-11,0.08819873628707083
2011-11-14,0.09044717766165408
2011-11-15,0.10588238719407453
2011-11-16,0.12718786487442177
2011-11-17,0.15230277187427257
2011-11-18,0.15347340315234914
2011-11-21,0.17587895169618165
2011-11-22,0.1833523693583428
2011-11-23,0.20857464614225926
2011-11-25,0.2116737297621901
2011-11-28,0.17859206888468754
2011-11-29,0.18433895795688202
2011-11-30,0.13729396179928216
2011-12-01,0.13944467608033623
2011-12-02,0.13573312330977044
2011-12-05,0.12442329815724394
2011-12-06,0.11411474941378662
2011-12-07,0.11904742544041283
2011-12-08,0.14265805428215267
2011-12-09,0.12277831612418595
2011-12-12,0.1407393819942854
2011-12-13,0.14175226417612272
2011-12-14,0.16071695334115896
2011-12-15,0.1556158267787374
2011-12-16,0.1506812571342212
2011-12-19,0.18813624600690262
2011-12-20,0.15839844307007855
2011-12-21,0.1490367524184492
2011-12-22,0.14318983938895535
2011-12-23,0.1353244675190966
2011-12-27,0.1537500519707752
2011-12-28,0.1729538125774698
2011-12-29,0.15690164748817492
2011-12-30,0.160400743176812
2012-01-03,0.14407309115671332
2012-01-04,0.1432396100707574
2012-01-05,0.13979825896445777
2012-01-06,0.14014599028259944
2012-01-09,0.12562662667490446
2012-01-10,0.10931211305656768
2012-01-11,0.11966919896834113
2012-01-12,0.11205715472428598
2012-01-13,0.12055017767140379
2012-01-17,0.1175569897180957
2012-01-18,0.1092856081640515
2012-01-19,0.11175353702096805
2012-01-20,0.11065247174795856
2012-01-23,0.10629179702341375
2012-01-24,0.09647431156532738
2012-01-25,0.08031310445541984
2012-01-26,0.08677738480501833
2012-01-27,0.0852825761878818
2012-01-30,0.09681570907435708
2012-01-31,0.10858649816305303
2012-02-01,0.10333139884087178
2012-02-02,0.09943111703440446
2012-02-03,0.06564794065689239
2012-02-06,0.0665684714019231
2012-02-07,0.049040446998169646
2012-02-08,0.043549468698073364
2012-02-09,0.04513482135811139
2012-02-10,0.05161467407625139
2012-02-13,0.04467476995042308
2012-02-14,0.0570825367051555
2012-02-15,0.05283530872230714
2012-02-16,0.043606940148838695
2012-02-17,0.049337757133853626
2012-02-21,0.02372620175022923
2012-02-22,0.014620726165759946
2012-02-23,0.012020899122822724
2012-02-24,0.010463220792156553
2012-02-27,0.0050746668592290285
2012-02-28,-0.012163173070054272
2012-02-29,-0.009043185204829862
2012-03-01,-0.010341361403521241
2012-03-02,0.012601950675797141
2012-03-05,0.017209988269231646
2012-03-06,0.0354856810275148
2012-03-07,0.04178527707297659
2012-03-08,0.029562711944687604
2012-03-09,0.020476008949822384
2012-03-12,0.028327891574487073
2012-03-13,0.014327161216066779
2012-03-14,0.01570704876631312
2012-03-15,0.004890906510030941
2012-03-16,0.0020510371199206883
2012-03-19,-0.00033337166385884024
2012-03-20,0.005990609708859286
2012-03-21,0.010820471656453463
2012-03-22,0.018502576852900184
2012-03-23,0.021995391050774894
2012-03-26,0.008450325532895842
2012-03-27,0.004906076759835746
2012-03-28,0.005720162192996047
2012-03-29,0.019297613797194944
2012-03-30,0.027206876366874307
2012-04-02,0.01181786212482718
2012-04-03,0.02144500164055355
2012-04-04,0.022295179524409525
2012-04-05,0.02044237741999504
2012-04-09,0.02722471871809034
2012-04-10,0.043802774393150355
2012-04-11,0.024636404889127037
2012-04-12,0.027832827613824718
2012-04-13,0.06725733329651132
2012-04-16,0.06556806322411206
2012-04-17,0.054422654777776705
2012-04-18,0.05540956090239002
2012-04-19,0.05826771192818551
2012-04-20,0.05983909561727093
2012-04-23,0.07694562908355192
2012-04-24,0.07294625994890373
2012-04-25,0.05751829356283573
2012-04-26,0.05168644292137269
2012-04-27,0.04936012160407782
2012-04-30,0.05939574450174512
2012-05-01,0.05702012863829798
2012-05-02,0.06435809216864889
2012-05-03,0.07418966799333424
2012-05-04,0.0918267277371912
2012-05-07,0.09738752695172083
2012-05-08,0.10006459239388757
2012-05-09,0.11314209182011367
2012-05-10,0.10601696016792972
2012-05-11,0.10693146036009295
2012-05-14,0.1306235824324185
2012-05-15,0.12403613433806997
2012-05-16,0.1407684053147024
2012-05-17,0.15883697261954421
2012-05-18,0.16535418599903756
2012-05-21,0.15345106343901402
2012-05-22,0.15219158316283962
2012-05-23,0.15207836357694177
2012-05-24,0.151172043359601
2012-05-25,0.1544672769348866
2012-05-29,0.14062381901910045
2012-05-30,0.1657021929287665
2012-05-31,0.15386963732726625
2012-06-01,0.1755657084479179
2012-06-04,0.185748417201238
2012-06-05,0.1574095492694963
2012-06-06,0.1382448395583812
2012-06-07,0.15285287454102606
2012-06-08,0.14258559106989654
2012-06-11,0.159878594633562
2012-06-12,0.15180707253336956
2012-06-13,0.17104985500158426
2012-06-14,0.15977728481858033
2012-06-15,0.14999556840138376
2012-06-18,0.15348236880196667
2012-06-19,0.14598152630051744
2012-06-20,0.14515858903428222
2012-06-21,0.17277124131723326
2012-06-22,0.1709412275462571
2012-06-25,0.18800047649162413
2012-06-26,0.175842231432641
2012-06-27,0.16254833067000046
2012-06-28,0.17280888094011698
2012-06-29,0.1348153007286168
2012-07-02,0.14015276600986676
2012-07-03,0.12930664717360704
2012-07-05,0.14345783777246085
2012-07-06,0.1536672229761932
2012-07-09,0.16024872212743127
2012-07-10,0.16452106872471295
2012-07-11,0.17056174822493225
2012-07-12,0.16402194404900372
2012-07-13,0.14976631936215884
2012-07-16,0.14748383062559456
2012-07-17,0.14622298350622606
2012-07-18,0.14265210148416113
2012-07-19,0.15344601143807804
2012-07-20,0.16930852534791327
2012-07-23,0.1764727309539692
2012-07-24,0.1599404602717615
2012-07-25,0.1769053726758087
2012-07-26,0.14116703245335097
2012-07-27,0.11229681590393968
2012-07-30,0.12268096815245315
2012-07-31,0.13280461447959707
2012-08-01,0.14793654637002523
2012-08-02,0.15662273923992673
2012-08-03,0.13959125896556293
2012-08-06,0.13484863501673855
2012-08-07,0.137196284379451
2012-08-08,0.13931478631557487
2012-08-09,0.12824343889496959
2012-08-10,0.1363710523512126
2012-08-13,0.14978175555178633
2012-08-14,0.1521229250164877
2012-08-15,0.15683046754319183
2012-08-16,0.15342875016234245
2012-08-17,0.14702854737140744
2012-08-20,0.15201000299466633
2012-08-21,0.1561029237288831
2012-08-22,0.16756395674699098
2012-08-23,0.18308518863968057
2012-08-24,0.1696087284602729
2012-08-27,0.18223394116349861
2012-08-28,0.1823529279290594
2012-08-29,0.18339020179953947
2012-08-30,0.18283219387781804
2012-08-31,0.17342068089405757
2012-09-04,0.1741426996052225
2012-09-05,0.18285080081899768
2012-09-06,0.15099292724886543
2012-09-07,0.15055773869065603
2012-09-10,0.14111179246850372
2012-09-11,0.1442980948802952
2012-09-12,0.13561559443589982
2012-09-13,0.10199387336606512
2012-09-14,0.1069676940947674
2012-09-17,0.12468609200883403
2012-09-18,0.12573672604920438
2012-09-19,0.11298720135363903
2012-09-20,0.10426910875280565
2012-09-21,0.12067935348507121
2012-09-24,0.11657706766649549
2012-09-25,0.13696687541095076
2012-09-26,0.15243638579813906
2012-09-27,0.12561242872554007
2012-09-28,0.10239672719018326
2012-10-01,0.1024168145689667
2012-10-02,0.08807882816552827
2012-10-03,0.0944458886586559
2012-10-04,0.09707128984648827
2012-10-05,0.10422805463831325
2012-10-08,0.10330523388578895
2012-10-09,0.12034851875801746
2012-10-10,0.12671014829153038
2012-10-11,0.1274183249452092
2012-10-12,0.14230818757808356
2012-10-15,0.13910546643390637
2012-10-16,0.1356774918080446
2012-10-17,0.1312263975551011
2012-10-18,0.14936806703740468
2012-10-19,0.1723428227228855
2012-10-22,0.17343882985765274
2012-10-23,0.18622048328997856
2012-10-24,0.19319257084627328
2012-10-25,0.1956163472296016
2012-10-26,0.1984149723358923
2012-10-31,0.20066422236754128
2012-11-01,0.18548746850848544
2012-11-02,0.19215103918593548
2012-11-05,0.1926181422980529
2012-11-06,0.18430541173337722
2012-11-07,0.20852898155548105
2012-11-08,0.22391848261368053
2012-11-09,0.22167627662052466
2012-11-12,0.23683540131864914
2012-11-13,0.24382152990857137
2012-11-14,0.25942650034122305
2012-11-15,0.2542174120385742
2012-11-16,0.24342591118942253
2012-11-19,0.22394707766285554
2012-11-20,0.218769120076278
2012-11-21,0.2145460091592003
2012-11-23,0.20225668298457772
2012-11-26,0.19846544299780353
2012-11-27,0.1875563039676038
2012-11-28,0.17440574565847516
2012-11-29,0.16251288206297843
2012-11-30,0.1667654626656715
2012-12-03,0.16555283183455544
2012-12-04,0.1776126672377538
2012-12-05,0.18038996183743672
2012-12-06,0.17174710239043509
2012-12-07,0.14978812204259873
2012-12-10,0.152557121469315
2012-12-11,0.14730647912923678
2012-12-12,0.1431521568592599
2012-12-13,0.15521510158035676
2012-12-14,0.1694279824598294
2012-12-17,0.15710728278510389
2012-12-18,0.1440291951538731
2012-12-19,0.16429742982494025
2012-12-20,0.16644851635806007
2012-12-21,0.18108588333231335
2012-12-24,0.17997280614456895
2012-12-26,0.188867711260882
2012-12-27,0.19709470757484135
2012-12-28,0.2155757823748138
2012-12-31,0.20988093481423303
2013-01-02,0.177732740296549
2013-01-03,0.171676846790578
2013-01-04,0.1605010670653796
2013-01-07,0.16111337168789433
2013-01-08,0.16169920129667714
2013-01-09,0.16266034772768517
2013-01-10,0.14919300438231528
2013-01-11,0.14231853065510885
2013-01-14,0.15252804015600843
2013-01-15,0.1504611940445764
2013-01-16,0.13990617372574196
2013-01-17,0.1415047651390636
2013-01-18,0.1279559732618054
2013-01-22,0.10913456489757302
2013-01-23,0.10810066796869769
2013-01-24,0.132283565519435
2013-01-25,0.13323042225920076
2013-01-28,0.13995650749930327
2013-01-29,0.12615403297786432
2013-01-30,0.1461956935176498
2013-01-31,0.15689104362210296
2013-02-01,0.15287770001812698
2013-02-04,0.16644274608303566
2013-02-05,0.16104122874639512
2013-02-06,0.15492157402989049
2013-02-07,0.16078013587306608
2013-02-08,0.15932220673085545
2013-02-11,0.16156780377725058
2013-02-12,0.16619382830042265
2013-02-13,0.15982063733691393
2013-02-14,0.15457021482137936
2013-02-15,0.15913380754563008
2013-02-19,0.15480039803978166
2013-02-20,0.16602402701008098
2013-02-21,0.17842543260080476
2013-02-22,0.15277781245582744
2013-02-25,0.19004604926936258
2013-02-26,0.18367475249801596
2013-02-27,0.16603008779296868
2013-02-28,0.17648608076282096
2013-03-01,0.17943620913374136
2013-03-04,0.17897987888690953
2013-03-05,0.1634898160450802
2013-03-06,0.15985496894114815
2013-03-07,0.15354278674065328
2013-03-08,0.1577314775868013
2013-03-11,0.15970752447689363
2013-03-12,0.16103267233405222
2013-03-13,0.15968271707661974
2013-03-14,0.156087078068215
2013-03-15,0.157051396867047
2013-03-18,0.16029898379078308
2013-03-19,0.15940301486888878
2013-03-20,0.15018836314836176
2013-03-21,0.15476127112954283
2013-03-22,0.15942035008036276
2013-03-25,0.16541968009299338
2013-03-26,0.15273983552743536
2013-03-27,0.1403653572281896
2013-03-28,0.13147551685735542
2013-04-01,0.13644475079385904
2013-04-02,0.13774242258398345
2013-04-03,0.14630335985055737
2013-04-04,0.16068798772019496
2013-04-05,0.1650185037176401
2013-04-08,0.16330043361526955
2013-04-09,0.1653565942490665
2013-04-10,0.1546799322563691
2013-04-11,0.15605290998075752
2013-04-12,0.1589514760416504
2013-04-15,0.18598132112514865
2013-04-16,0.17388242402807624
2013-04-17,0.1803918589065056
2013-04-18,0.18795934932890665
2013-04-19,0.17458287704950973
2013-04-22,0.176243203125
2013-04-23,0.16386700878951388
2013-04-24,0.16426501270194924
2013-04-25,0.16226119470051167
2013-04-26,0.1497623384568857
2013-04-29,0.15390843543010405
2013-04-30,0.1569947276338965
2013-05-01,0.1662918251066409
2013-05-02,0.15092106892882245
2013-05-03,0.14208198525722876
2013-05-06,0.14056258754346987
2013-05-07,0.12454181213862243
2013-05-08,0.09652787933544055
2013-05-09,0.09521907360681979
2013-05-10,0.09720270158190039
2013-05-13,0.0859545284598356
2013-05-14,0.08716384415645895
2013-05-15,0.07463915307439417
2013-05-16,0.05539031037708986
2013-05-17,0.05261262991846069
2013-05-20,0.05122156022366773
2013-05-21,0.06246855747567293
2013-05-22,0.08558313712190446
2013-05-23,0.09047503812224233
2013-05-24,0.10314623359134402
2013-05-28,0.09590011538903871
2013-05-29,0.11009122540937018
2013-05-30,0.11135085432098911
2013-05-31,0.12878817027174594
2013-06-03,0.11480593446160424
2013-06-04,0.1277446234416932
2013-06-05,0.14130770845673582
2013-06-06,0.13870052178707032
2013-06-07,0.12275918511541148
2013-06-10,0.12317308049547106
2013-06-11,0.14030860601218037
2013-06-12,0.1531329401494228
2013-06-13,0.1279486158250231
2013-06-14,0.15194903682768016
2013-06-17,0.14323629315702013
2013-06-18,0.13634737815730671
2013-06-19,0.1529285955428559
2013-06-20,0.18195563074980023
2013-06-21,0.17281760698409307
2013-06-24,0.18759892425966418
2013-06-25,0.16266061205266266
2013-06-26,0.14836644940202862
2013-06-27,0.1522625913200529
2013-06-28,0.16558132196884087
2013-07-01,0.15220814418894624
2013-07-02,0.15980004754002314
2013-07-03,0.15544659252972715
2013-07-05,0.13821392663304172
2013-07-08,0.13725420890553872
2013-07-09,0.12118725114612688
2013-07-10,0.11885372591742382
2013-07-11,0.10901360787140779
2013-07-12,0.11436208471361328
2013-07-15,0.12066568768573552
2013-07-16,0.12804696968130172
2013-07-17,0.12365919717589269
2013-07-18,0.1040150891817726
2013-07-19,0.0903912181572677
2013-07-22,0.0922601953004014
2013-07-23,0.10623440076243183
2013-07-24,0.08727476645799574
2013-07-25,0.07421383902159444
2013-07-26,0.08214462739456503
2013-07-29,0.09354252788760546
2013-07-30,0.10459922046914343
2013-07-31,0.10625663492523263
2013-08-01,0.09667989946704776
2013-08-02,0.09936420509000067
2013-08-05,0.09855664945833328
2013-08-06,0.10677694948994434
2013-08-07,0.1020101523722137
2013-08-08,0.10129726136428685
2013-08-09,0.11050472812974317
2013-08-12,0.11511301404653625
2013-08-13,0.11186665704991419
2013-08-14,0.11614522353796686
2013-08-15,0.13443532559126017
2013-08-16,0.12796604740338408
2013-08-19,0.1410336768283404
2013-08-20,0.13512877574116705
2013-08-21,0.143462335424658
2013-08-22,0.14465652105494872
2013-08-23,0.1406371813476856
2013-08-26,0.13987976430302154
2013-08-27,0.1474228435776826
2013-08-28,0.14856634426373447
2013-08-29,0.15072300523499113
2013-08-30,0.14688572947136527
2013-09-03,0.15139928575873915
2013-09-04,0.14482665118696006
2013-09-05,0.14830103666247124
2013-09-06,0.155113966189481
2013-09-09,0.14241110833954987
2013-09-10,0.14016712713930582
2013-09-11,0.13879330822882094
2013-09-12,0.14348761476767796
2013-09-13,0.13995936075852974
2013-09-16,0.13565034908615167
2013-09-17,0.13825990158244014
2013-09-18,0.1297695299622368
2013-09-19,0.1329180407202031
2013-09-20,0.14087291147944653
2013-09-23,0.14222844314944338
2013-09-24,0.137084478433169
2013-09-25,0.14378209197953268
2013-09-26,0.1407630553113236
2013-09-27,0.1479178307872765
2013-09-30,0.16379526249163537
2013-10-01,0.15603538670722714
2013-10-02,0.15880793731244391
2013-10-03,0.16915274408771702
2013-10-04,0.15349303784013604
2013-10-07,0.16908695976738386
2013-10-08,0.18228882082338418
2013-10-09,0.1838685897334329
2013-10-10,0.15814500674049428
2013-10-11,0.15859558646143296
2013-10-14,0.15465399218971
2013-10-15,0.1692401168958028
2013-10-16,0.14876795168297827
2013-10-17,0.1330294165396238
2013-10-18,0.1308856153939166
2013-10-21,0.12611054028912863
2013-10-22,0.12133329743582573
2013-10-23,0.13211326862311792
2013-10-24,0.1262564222828787
2013-10-25,0.12603915528512832
2013-10-28,0.11123596789931282
2013-10-29,0.11640849076737964
2013-10-30,0.11927564597277569
2013-10-31,0.129225628329841
2013-11-01,0.12793192323243383
2013-11-04,0.1244675524893766
2013-11-05,0.12216316709653967
2013-11-06,0.11771884907280507
2013-11-07,0.12752192063903178
2013-11-08,0.11265042137322881
2013-11-11,0.08961054466373225
2013-11-12,0.08907675453679864
2013-11-13,0.08809763761749438
2013-11-14,0.07237156190240769
2013-11-15,0.06787970774758631
2013-11-18,0.06588776914809229
2013-11-19,0.08038614166333988
2013-11-20,0.08732046079955003
2013-11-21,0.07678816509662476
2013-11-22,0.0786586361451657
2013-11-25,0.0847166542190813
2013-11-26,0.08448762090902788
2013-11-27,0.09102881843679643
2013-11-29,0.09734684783463965
2013-12-02,0.10306512456845139
2013-12-03,0.10986266775530232
2013-12-04,0.10909686995717213
2013-12-05,0.11926410825273068
2013-12-06,0.10798910713702443
2013-12-09,0.10603471663307157
2013-12-10,0.10768769659884297
2013-12-11,0.12408682881429836
2013-12-12,0.12772741723282174
2013-12-13,0.126963043977067
2013-12-16,0.11816694881484101
2013-12-17,0.12729363331695676
2013-12-18,0.10542623481874179
2013-12-19,0.09882845282555068
2013-12-20,0.09754608669347489
2013-12-23,0.09270289325587212
2013-12-24,0.0830297477980075
2013-12-26,0.07714899069757455
2013-12-27,0.08557616702803607
2013-12-30,0.08717756776352278
2013-12-31,0.0881862847561034
2014-01-02,0.09739191795079553
2014-01-03,0.08896074762592548
2014-01-06,0.08539662810977688
2014-01-07,0.08728537419152196
2014-01-08,0.06993235374501801
2014-01-09,0.07873217363227332
2014-01-10,0.07350860797226738
2014-01-13,0.08415242524166125
2014-01-14,0.058339874821637265
2014-01-15,0.05290580876452399
2014-01-16,0.06609820129985515
2014-01-17,0.06859193912351295
2014-01-21,0.04951726019089789
2014-01-22,0.0672300501293812
2014-01-23,0.05455410680628496
2014-01-24,0.06470458042707597
2014-01-27,0.05230243639059539
2014-01-28,0.04753135351290098
2014-01-29,0.04976329697460742
2014-01-30,0.03821784236825626
2014-01-31,0.05843746792178061
2014-02-03,0.09307131549858955
2014-02-04,0.10601645584639059
2014-02-05,0.10017467586702891
2014-02-06,0.10002643871233215
2014-02-07,0.09324322194648964
2014-02-10,0.08989134708360641
2014-02-11,0.09083668021878005
2014-02-12,0.08961887700895729
2014-02-13,0.09007398081663555
2014-02-14,0.09758355050707881
2014-02-18,0.0961831243012868
2014-02-19,0.10025972690960355
2014-02-20,0.0998977671599295
2014-02-21,0.1061728854663036
2014-02-24,0.09975593337068892
2014-02-25,0.10467612684245545
2014-02-26,0.10542176067547918
2014-02-27,0.09920775987693235
2014-02-28,0.09673828799180495
2014-03-03,0.10515620804459194
2014-03-04,0.08933721953341237
2014-03-05,0.09498827771687396
2014-03-06,0.0914689369517248
2014-03-07,0.09302781479819439
2014-03-10,0.09926109606089359
2014-03-11,0.10804062191066774
2014-03-12,0.10642869249636736
2014-03-13,0.12266977723360928
2014-03-14,0.1229842830818184
2014-03-17,0.10469488331499484
2014-03-18,0.10377890176425424
2014-03-19,0.11476972240102423
2014-03-20,0.10678891195373665
2014-03-21,0.11189277129141093
2014-03-24,0.10922028360922882
2014-03-25,0.10409412085551162
2014-03-26,0.093697343440757
2014-03-27,0.1007495311386768
2014-03-28,0.0779007339056829
2014-03-31,0.06264355897093331
2014-04-01,0.04625778024081035
2014-04-02,0.06451424647486391
2014-04-03,0.09130807835477009
2014-04-04,0.11021448846465011
2014-04-07,0.12655551915211868
2014-04-08,0.12430612205080449
2014-04-09,0.11200836622840118
2014-04-10,0.139486585204325
2014-04-11,0.15139155683168604
2014-04-14,0.13642453297157436
2014-04-15,0.11715803978515392
2014-04-16,0.10518650837661454
2014-04-17,0.08350804756818012
2014-04-21,0.06983314707604533
2014-04-22,0.07786436741984328
2014-04-23,0.0995792216397696
2014-04-24,0.08846970607956439
2014-04-25,0.08847267532015943
2014-04-28,0.08216406667959135
2014-04-29,0.07077567125415742
2014-04-30,0.05770858865216151
2014-05-01,0.07206106470520877
2014-05-02,0.07517251936513367
2014-05-05,0.0782422072221015
2014-05-06,0.10463556352457543
2014-05-07,0.09243381253031918
2014-05-08,0.09674620396102586
2014-05-09,0.08042144176680416
2014-05-12,0.055629667259367216
2014-05-13,0.06524548842601378
2014-05-14,0.056371865570565734
2014-05-15,0.08017746048986157
2014-05-16,0.09168417522517248
2014-05-19,0.08298324599362476
2014-05-20,0.10128525703217846
2014-05-21,0.08868499907737519
2014-05-22,0.08150637561940126
2014-05-23,0.08842799429795167
2014-05-27,0.08191807789971975
2014-05-28,0.09357096023130322
2014-05-29,0.09216520483395964
2014-05-30,0.09189691383075838
2014-06-02,0.0907598370865414
2014-06-03,0.09001473923031961
2014-06-04,0.0946220944681674
2014-06-05,0.08719579614007028
2014-06-06,0.0851732005361115
2014-06-09,0.08332526316869447
2014-06-10,0.08199239691050651
2014-06-11,0.0826229797680244
2014-06-12,0.09703069185067717
2014-06-13,0.08863936456053308
2014-06-16,0.08295575223691838
2014-06-17,0.08190055027468476
2014-06-18,0.058396115666702844
2014-06-19,0.06121519605583333
2014-06-20,0.04141386809351417
2014-06-23,0.03955447361535085
2014-06-24,0.05947239041666844
2014-06-25,0.04790427890536472
2014-06-26,0.06333982513911769
2014-06-27,0.0577880582045126
2014-06-30,0.07104779588053559
2014-07-01,0.05875888168071176
2014-07-02,0.06759786838436267
2014-07-03,0.059926255127354146
2014-07-07,0.057568312987870005
2014-07-08,0.049569483185874154
2014-07-09,0.04223371914713203
2014-07-10,0.049035956586591864
2014-07-11,0.06031299886905178
2014-07-14,0.045920751663193364
2014-07-15,0.04378998967529451
2014-07-16,0.04309210220328059
2014-07-17,0.06256006903345127
2014-07-18,0.049595145572715764
2014-07-21,0.0548582546845533
2014-07-22,0.05427187930293645
2014-07-23,0.05790109172207722
2014-07-24,0.052540745982384854
2014-07-25,0.059393291395996965
2014-07-28,0.06454050281560975
2014-07-29,0.06854998472533172
2014-07-30,0.05639900530478915
2014-07-31,0.08791241099468015
2014-08-01,0.08941641558601643
2014-08-04,0.08714329189636548
2014-08-05,0.10036400946958621
2014-08-06,0.10282566355040614
2014-08-07,0.10439522049105436
2014-08-08,0.09482863712616325
2014-08-11,0.08773209521070728
2014-08-12,0.07847964305914673
2014-08-13,0.0829960501720329
2014-08-14,0.0814809542584412
2014-08-15,0.06874464124668485
2014-08-18,0.05498184986169938
2014-08-19,0.053693997640770645
2014-08-20,0.06523505406646024
2014-08-21,0.056696338172452954
2014-08-22,0.05568300714845558
2014-08-25,0.05033231276105564
2014-08-26,0.06053943307696383
2014-08-27,0.06130131474655787
2014-08-28,0.06633811191508815
2014-08-29,0.06212536042326629
2014-09-02,0.06171467854212587
2014-09-03,0.0650266401901952
2014-09-04,0.06428054594665644
2014-09-05,0.048059725812845504
2014-09-08,0.06092305875797786
2014-09-09,0.06655976622690969
2014-09-10,0.05597059385545951
2014-09-11,0.0572129625725183
2014-09-12,0.062481771282903296
2014-09-15,0.06548969228668919
2014-09-16,0.04845476611484715
2014-09-17,0.0455942756360501
2014-09-18,0.03376821873755277
2014-09-19,0.03469452700092178
2014-09-22,0.0556137321738381
2014-09-23,0.06359289612439983
2014-09-24,0.04794578204105858
2014-09-25,0.06024442748669855
2014-09-26,0.057210613446960684
2014-09-29,0.06200823619697598
2014-09-30,0.07552132202760413
2014-10-01,0.0841811326804593
2014-10-02,0.0907834617332658
2014-10-03,0.07942472931486975
2014-10-06,0.07316707676316904
2014-10-07,0.08640901509865516
2014-10-08,0.06734757888932379
2014-10-09,0.06712439737511566
2014-10-10,0.08235540185450967
2014-10-13,0.10811095549057259
2014-10-14,0.10602337077377771
2014-10-15,0.11074959898457927
2014-10-16,0.11734204995763359
2014-10-17,0.08475908070850935
2014-10-20,0.07736306430776431
2014-10-21,0.06971693204902783
2014-10-22,0.08950714469637297
2014-10-23,0.08105822640557603
2014-10-24,0.07269744651975206
2014-10-27,0.08292085346105052
2014-10-28,0.07132809766362698
2014-10-29,0.07364171763757403
2014-10-30,0.06244701325989633
2014-10-31,0.047620153707996424
2014-11-03,0.04179771202487614
2014-11-04,0.033571854071585826
2014-11-05,0.021778316272131077
2014-11-06,0.030543390518755417
2014-11-07,0.03772295304751936
2014-11-10,0.03452448299516345
2014-11-11,0.03145593058232663
2014-11-12,0.029334006653992394
2014-11-13,0.02647443693179373
2014-11-14,0.029424235070724745
2014-11-17,0.020692548652883277
2014-11-18,0.01255971289501061
2014-11-19,0.027070542451180395
2014-11-20,0.015257614594750944
2014-11-21,0.010928058554943058
2014-11-24,0.006755539531798238
2014-11-25,0.011857597334453034
2014-11-26,0.014284751844219623
2014-11-28,0.0142002468848325
2014-12-01,0.012744549031077567
2014-12-02,-0.014913777857377363
2014-12-03,-0.049866732670657034
2014-12-04,-0.08625331464344194
2014-12-05,-0.10010750859104103
2014-12-08,-0.058146611636645446
2014-12-09,-0.03503220270941539
2014-12-10,-0.01839459230941493
2014-12-11,-0.03102686233054844
2014-12-12,-0.044188511589312425
2014-12-15,-0.020491256882533452
2014-12-16,-0.010954299836034189
2014-12-17,-0.04554150662887718
2014-12-18,-0.04454619191410241
2014-12-19,-0.06211086825236736
2014-12-22,-0.060739748875342094
2014-12-23,-0.05817002338493402
2014-12-24,-0.06189110840609894
2014-12-26,-0.05298814741499196
2014-12-29,-0.04556652331695468
2014-12-30,-0.04333412274498381
2014-12-31,-0.04899212095354889
2015-01-02,-0.04432513003258332
2015-01-05,-0.03852357615795618
2015-01-06,-0.03188338021530862
2015-01-07,-0.046231320919587905
2015-01-08,-0.0634292208926156
2015-01-09,-0.07973358619657092
2015-01-12,-0.07108065201264409
2015-01-13,-0.05091372767995872
2015-01-14,-0.04348002624857341
2015-01-15,-0.02073100798562701
2015-01-16,-0.01602935219655773
2015-01-20,-0.021077354751993665
2015-01-21,-0.01785821661599626
2015-01-22,-0.024098999581334574
2015-01-23,-0.017998680430329636
2015-01-26,-0.019265139230612113
2015-01-27,-0.012741793402339
2015-01-28,-0.003955749695382093
2015-01-29,0.001291272901205937
2015-01-30,0.019107862848328924
2015-02-02,0.006338945863626405
2015-02-03,-0.009394989093028482
2015-02-04,-0.011055575653026629
2015-02-05,-0.004853290960007254
2015-02-06,0.0095744194374647
2015-02-09,0.011940911656028839
2015-02-10,-0.0013053312632148562
2015-02-11,0.010548586701829015
2015-02-12,0.00044526720357466917
2015-02-13,-0.008407232697629403
2015-02-17,0.0017663620091286835
2015-02-18,0.004815070749366678
2015-02-19,0.0023171506043133897
2015-02-20,-0.004914048688601723
2015-02-23,-0.004958126604890288
2015-02-24,-0.01744280384802965
2015-02-25,-0.015204476685048492
2015-02-26,-0.016932445682429343
2015-02-27,-0.02781184571008553
2015-03-02,-0.04455950878312025
2015-03-03,-0.025899328740122594
2015-03-04,-0.022916082790932407
2015-03-05,-0.008310151454938844
2015-03-06,0.004818313693933237
2015-03-09,0.004683971354923395
2015-03-10,0.020756718163685503
2015-03-11,0.023967720747465872
2015-03-12,0.011094250372630723
2015-03-13,0.017877767032239547
2015-03-16,-0.000374799666938587
2015-03-17,0.013667322210702108
2015-03-18,-0.009521309947308883
2015-03-19,-0.018977873598476216
2015-03-20,-0.00778433446696603
2015-03-23,-0.012996385954784527
2015-03-24,-0.013344447577994262
2015-03-25,-0.006516122070191153
2015-03-26,-0.0019064377896435402
2015-03-27,-0.023604828654273463
2015-03-30,-0.03082102209195085
2015-03-31,-0.011838086005593574
2015-04-01,0.006496185024814822
2015-04-02,-0.012128897880388383
2015-04-06,-0.03608062218529914
2015-04-07,-0.026575761865746825
2015-04-08,-0.020620555095994565
2015-04-09,-0.01285871778476215
2015-04-10,-0.01953800900762575
2015-04-13,-0.017171390591059453
2015-04-14,-0.008340321654188257
2015-04-15,-0.020539808982893943
2015-04-16,-0.029002536406991433
2015-04-17,-0.032923581675574895
2015-04-20,-0.03984476542436696
2015-04-21,-0.05103253594086491
2015-04-22,-0.07821305820432317
2015-04-23,-0.09034843015145425
2015-04-24,-0.09161865184669044
2015-04-27,-0.08072372326622318
2015-04-28,-0.10614915140826249
2015-04-29,-0.08781361903333829
2015-04-30,-0.0983836340991699
2015-05-01,-0.10765126182957993
2015-05-04,-0.12067214096927693
2015-05-05,-0.10551528855532816
2015-05-06,-0.08328720816441311
2015-05-07,-0.10101534671710369
2015-05-08,-0.10040644722277793
2015-05-11,-0.10562720271928856
2015-05-12,-0.0980220856115774
2015-05-13,-0.07540695727725169
2015-05-14,-0.08567256819903624
2015-05-15,-0.10349877431106896
2015-05-18,-0.10176119051465721
2015-05-19,-0.09981066116908639
2015-05-20,-0.11562435615715312
2015-05-21,-0.13017529310520048
2015-05-22,-0.12880637898695296
2015-05-26,-0.11992204717986941
2015-05-27,-0.13864035786627704
2015-05-28,-0.12071445312841755
2015-05-29,-0.10050818658160822
2015-06-01,-0.08756329449783262
2015-06-02,-0.09090355172746611
2015-06-03,-0.09284935348185075
2015-06-04,-0.07173261393331587
2015-06-05,-0.08197514952931745
2015-06-08,-0.07189025930254225
2015-06-09,-0.06175033396734901
2015-06-10,-0.07464844479797339
2015-06-11,-0.08375620854673901
2015-06-12,-0.05527891366631788
2015-06-15,-0.04700564839405821
2015-06-16,-0.04908195561261734
2015-06-17,-0.047823291298023735
2015-06-18,-0.05632553648752808
2015-06-19,-0.06195763063986322
2015-06-22,-0.06292959076013716
2015-06-23,-0.06337915826075603
2015-06-24,-0.04097076398235261
2015-06-25,-0.03932343072201779
2015-06-26,-0.04071393959573187
2015-06-29,-0.014783890021147132
2015-06-30,-0.010915627586015926
2015-07-01,-0.013401163364637814
2015-07-02,-0.01212450586264066
2015-07-06,-0.00916489145575084
2015-07-07,-0.021442976672955104
2015-07-08,-0.005247577551368651
2015-07-09,-0.006951659845806426
2015-07-10,-0.01040638451058779
2015-07-13,-0.016979493630320693
2015-07-14,-0.0233338685492065
2015-07-15,-0.016427766276525126
2015-07-16,-0.02737863247509623
2015-07-17,-0.03830918855474239
2015-07-20,-0.02895301198116189
2015-07-21,-0.03647582268045608
2015-07-22,-0.03147833873276211
2015-07-23,-0.028618278859324404
2015-07-24,-0.008621610599177343
2015-07-27,0.007148260850416216
2015-07-28,-0.005001777476710856
2015-07-29,-0.013203302232344913
2015-07-30,-0.006776815143497449
2015-07-31,-0.0014449953111921338
2015-08-03,0.0020780648605725305
2015-08-04,-0.0008790284478890779
2015-08-05,-0.003933637524713854
2015-08-06,0.0020301696854397016
2015-08-07,0.0068011582510226236
2015-08-10,-0.004291472017715853
2015-08-11,-0.003963403098115342
2015-08-12,-0.009947028841257512
2015-08-13,-0.0009407557099524056
2015-08-14,-0.013468507104280311
2015-08-17,-0.024409650524629935
2015-08-18,-0.022075253603918692
2015-08-19,-0.010805013287614126
2015-08-20,0.011278490348810016
2015-08-21,0.05758813383096536
2015-08-24,0.09045483783277719
2015-08-25,0.10521475233669997
2015-08-26,0.054676335113959175
2015-08-27,0.039745165959575654
2015-08-28,0.029333222364227488
2015-08-31,0.03825713125427122
2015-09-01,0.06593519089077429
2015-09-02,0.053087488986105345
2015-09-03,0.04966867094307642
2015-09-04,0.08059466914345934
2015-09-08,0.06150573155440757
2015-09-09,0.0762394469813426
2015-09-10,0.07517838876119541
2015-09-11,0.06929955837943066
2015-09-14,0.0749092674631304
2015-09-15,0.06428931248967494
2015-09-16,0.05203192545018286
2015-09-17,0.05989848450519078
2015-09-18,0.07870147608050831
2015-09-21,0.07735255176772551
2015-09-22,0.08891565062884993
2015-09-23,0.08113952103477061
2015-09-24,0.07598438553254773
2015-09-25,0.07454933107952787
2015-09-28,0.10082527540533984
2015-09-29,0.10291441912628653
2015-09-30,0.07874352957990795
2015-10-01,0.08287160865468146
2015-10-02,0.07048413313005797
2015-10-05,0.04952059582081586
2015-10-06,0.06737647049031398
2015-10-07,0.020833477320480038
2015-10-08,-0.006402017604078181
2015-10-09,0.010521641885040567
2015-10-12,0.02642434527869251
2015-10-13,0.047497451601135304
2015-10-14,0.05451197522356562
2015-10-15,0.03196370497207358
2015-10-16,0.032767531317627004
2015-10-19,0.03158830241258824
2015-10-20,0.04881393848594512
2015-10-21,0.058555466796491915
2015-10-22,0.048540510077159954
2015-10-23,0.037240697267022546
2015-10-26,0.04469436331687914
2015-10-27,0.04639651803351145
2015-10-28,0.036615777906147506
2015-10-29,0.03559383764596926
2015-10-30,0.045042660852766196
2015-11-02,0.029048678324413633
2015-11-03,0.030922503674045615
2015-11-04,0.03147486337922082
2015-11-05,0.032977290792696415
2015-11-06,0.03209800329668937
2015-11-09,0.04401080402505842
2015-11-10,0.04413664097294096
2015-11-11,0.04618799416415663
2015-11-12,0.05428235027104661
2015-11-13,0.06957351178537483
2015-11-16,0.054091468282609974
2015-11-17,0.06458622518366747
2015-11-18,0.046703179529674455
2015-11-19,0.04828852053178277
2015-11-20,0.041317878194371084
2015-11-23,0.047541657437929354
2015-11-24,0.04543025413816359
2015-11-25,0.04848543924435823
2015-11-27,0.04212208467355387
2015-11-30,0.04893749928855245
2015-12-01,0.0401355166729909
2015-12-02,0.05018495074887237
2015-12-03,0.06489972179486385
2015-12-04,0.04551819992665358
2015-12-07,0.04735992037311234
2015-12-08,0.05276235985597101
2015-12-09,0.0592981335574248
2015-12-10,0.06244422095153257
2015-12-11,0.08137177679434479
2015-12-14,0.07369655582449655
2015-12-15,0.06237126720058974
2015-12-16,0.051570814581285894
2015-12-17,0.07081182864063679
2015-12-18,0.09005502674280466
2015-12-21,0.07923707912800311
2015-12-22,0.043571062432071574
2015-12-23,0.045899557817481326
2015-12-24,0.03203801552154365
2015-12-28,0.03368345223984926
2015-12-29,0.033151089696971545
2015-12-30,0.03673610070042997
2015-12-31,0.046567012001225996
2016-01-04,0.06315024565872121
2016-01-05,0.07259851891738507
2016-01-06,0.09391733791456316
2016-01-07,0.11404514432371372
2016-01-08,0.11657989986834141
2016-01-11,0.12281726195141035
2016-01-12,0.1200249948572779
2016-01-13,0.13799534961634916
2016-01-14,0.12822610523959627
2016-01-15,0.14937271738546865
2016-01-19,0.14306902056890622
2016-01-20,0.16156359092470138
2016-01-21,0.15611642160816774
2016-01-22,0.12944567762337703
2016-01-25,0.15267328124744953
2016-01-26,0.1224502529315234
2016-01-27,0.13607901809035466
2016-01-28,0.12633100167274808
2016-01-29,0.09933822166560571
2016-02-01,0.0964844407212986
2016-02-02,0.12431231494900903
2016-02-03,0.12117980173667106
2016-02-04,0.11793058679531152
2016-02-05,0.13888452780499397
2016-02-08,0.16072284300333653
2016-02-09,0.15708259717198048
2016-02-10,0.15528708896124746
2016-02-11,0.16618195503243732
2016-02-12,0.1403006674793428
2016-02-16,0.12163556886777428
2016-02-17,0.09596123642490241
2016-02-18,0.09391342792563337
2016-02-19,0.08910296290610062
2016-02-22,0.07179641821671806
2016-02-23,0.10943282196809412
2016-02-24,0.10869520388550212
2016-02-25,0.108397839773845
2016-02-26,0.11264080805964197
2016-02-29,0.1201823659970277
2016-03-01,0.09394191011673424
2016-03-02,0.0976314259978401
2016-03-03,0.09207380091516604
2016-03-04,0.09356553176108426
2016-03-07,0.08999075398614671
2016-03-08,0.11060695451575536
2016-03-09,0.10741679347678679
2016-03-10,0.10813895978643999
2016-03-11,0.09453125660246604
2016-03-14,0.09015465861938891
2016-03-15,0.09361924936384688
2016-03-16,0.08464305323073074
2016-03-17,0.07374833495478393
2016-03-18,0.0694629473453499
2016-03-21,0.07462948722617184
2016-03-22,0.07924184201941381
2016-03-23,0.10047583634566892
2016-03-24,0.10326925452171129
2016-03-28,0.10921674732377752
2016-03-29,0.09827200364581558
2016-03-30,0.10066621015363371
2016-03-31,0.09396333516857015
2016-04-01,0.0913025006634192
2016-04-04,0.09289841221675678
2016-04-05,0.10627966412624351
2016-04-06,0.09875843454471976
2016-04-07,0.10934365066217692
2016-04-08,0.1042000331585801
2016-04-11,0.10861955733811765
2016-04-12,0.10047917033016156
2016-04-13,0.08043526583686535
2016-04-14,0.07993161933905805
2016-04-15,0.07598299593906604
2016-04-18,0.07806277078859654
2016-04-19,0.08089772811395213
2016-04-20,0.07924282029813863
2016-04-21,0.0886931750398228
2016-04-22,0.08477792749762114
2016-04-25,0.08674716321693701
2016-04-26,0.087785113292481
2016-04-27,0.08366467662595928
2016-04-28,0.0957842135706152
2016-04-29,0.09809220886086349
2016-05-02,0.09150438265648252
2016-05-03,0.09708380602690815
2016-05-04,0.10735107103730955
2016-05-05,0.10463617552724129
2016-05-06,0.10836899162062391
2016-05-09,0.1164236395974856
2016-05-10,0.10184756691557559
2016-05-11,0.11152068086813335
2016-05-12,0.10502821246907747
2016-05-13,0.11348529201866486
2016-05-16,0.1030116931534515
2016-05-17,0.11412612344449358
2016-05-18,0.12198977178324909
2016-05-19,0.12378189383346394
2016-05-20,0.11731114141377012
2016-05-23,0.12042239317029954
2016-05-24,0.1116586476552947
2016-05-25,0.10789559366435389
2016-05-26,0.11394186460772919
2016-05-27,0.11363182227908464
2016-05-31,0.12031763022628546
2016-06-01,0.11808047489107854
2016-06-02,0.1168026282754146
2016-06-03,0.12683826864646763
2016-06-06,0.12013319686954255
2016-06-07,0.11915942188465897
2016-06-08,0.11713350682195542
2016-06-09,0.12019495427931613
2016-06-10,0.1276530914962117
2016-06-13,0.1524246021820539
2016-06-14,0.14773617727216634
2016-06-15,0.15043211063842626
2016-06-16,0.14308060662305716
2016-06-17,0.14347579015188744
2016-06-20,0.13427576165546623
2016-06-21,0.1321127041722348
2016-06-22,0.13769217828652133
2016-06-23,0.12310009555046297
2016-06-24,0.16100829557574287
2016-06-27,0.1923080584197724
2016-06-28,0.16958480361307363
2016-06-29,0.1484858181104789
2016-06-30,0.13083762100684534
2016-07-01,0.11463423950010698
2016-07-05,0.12444035156810274
2016-07-06,0.11726744998601243
2016-07-07,0.11729829333138446
2016-07-08,0.09938973437856413
2016-07-11,0.10360018218359167
2016-07-12,0.09710799514246188
2016-07-13,0.10017985895074755
2016-07-14,0.09195608120306181
2016-07-15,0.0911765978085461
2016-07-18,0.0891923582242109
2016-07-19,0.08742567142394377
2016-07-20,0.08489105900778479
2016-07-21,0.08792386928349842
2016-07-22,0.08373672103799752
2016-07-25,0.08545158382696692
2016-07-26,0.08102140234492869
2016-07-27,0.07494293642143751
2016-07-28,0.08246313297330525
2016-07-29,0.07756249363983149
2016-08-01,0.07708068176821217
2016-08-02,0.09216842412646241
2016-08-03,0.08545186871451775
2016-08-04,0.09698505364156174
2016-08-05,0.09425205311778187
2016-08-08,0.09471365762054422
2016-08-09,0.09489216415501218
2016-08-10,0.0959369897698379
2016-08-11,0.09266216582694776
2016-08-12,0.09483293350260327
2016-08-15,0.09039563011503698
2016-08-16,0.0970411251126747
2016-08-17,0.0994721298831454
2016-08-18,0.09710010031218903
2016-08-19,0.09755607854640938
2016-08-22,0.0994163036111593
2016-08-23,0.09490148078568875
2016-08-24,0.09904201758758836
2016-08-25,0.10580127723554147
2016-08-26,0.1067891226722651
2016-08-29,0.08101805922760198
2016-08-30,0.08712747610672844
2016-08-31,0.097091150895992
2016-09-01,0.10279792389496756
2016-09-02,0.1002027281733477
2016-09-06,0.0996624318795081
2016-09-07,0.10470878867645592
2016-09-08,0.10751387442421909
2016-09-09,0.1339874545494182
2016-09-12,0.11707055227904835
2016-09-13,0.14247164402772455
2016-09-14,0.14738191147187704
2016-09-15,0.1345156555689556
2016-09-16,0.13564678562506113
2016-09-19,0.13744893193618324
2016-09-20,0.1374126200858764
2016-09-21,0.12419555447205123
2016-09-22,0.11584249756860743
2016-09-23,0.12734394472721694
2016-09-26,0.13597680021423308
2016-09-27,0.1261754028705313
2016-09-28,0.12055972543977174
2016-09-29,0.14054478092681127
2016-09-30,0.12395135630926964
2016-10-03,0.12697120231804818
2016-10-04,0.13206758043764327
2016-10-05,0.128983748375301
2016-10-06,0.1287967003950279
2016-10-07,0.12333888667276752
2016-10-10,0.12803769564080683
2016-10-11,0.13243131948803744
2016-10-12,0.13286866441887493
2016-10-13,0.13901664868330293
2016-10-14,0.14044203946439188
2016-10-17,0.13320009405125793
2016-10-18,0.13347346277334882
2016-10-19,0.13204365427258896
2016-10-20,0.13271593009132784
2016-10-21,0.14108712113567423
2016-10-24,0.13782171458245762
2016-10-25,0.14749720990756499
2016-10-26,0.14943698609111725
2016-10-27,0.1535695825491145
2016-10-28,0.16338343987071996
2016-10-31,0.1633469250899387
2016-11-01,0.17086549038944554
2016-11-02,0.17730248772221446
2016-11-03,0.1859900544128327
2016-11-04,0.1883051627949617
2016-11-07,0.16134021693091027
2016-11-08,0.1554244938004057
2016-11-09,0.14193395046200008
2016-11-10,0.1425019469479493
2016-11-11,0.1446649838301739
2016-11-14,0.14229736987598823
2016-11-15,0.1359574205310408
2016-11-16,0.1396317670145589
2016-11-17,0.13158847674886398
2016-11-18,0.13388337241030665
2016-11-21,0.10919489612377961
2016-11-22,0.10820999813592498
2016-11-23,0.11843686302901502
2016-11-25,0.11352022891981166
2016-11-28,0.12099183377697102
2016-11-29,0.10221535594605133
2016-11-30,0.10311940740319638
2016-12-01,0.10829820481301584
2016-12-02,0.11887135399895771
2016-12-05,0.10855399683649573
2016-12-06,0.1024938601484512
2016-12-07,0.08999038186082128
2016-12-08,0.08817155004448722
2016-12-09,0.08265879059344454
2016-12-12,0.08889396818089183
2016-12-13,0.08800817628008273
2016-12-14,0.0990866721527374
2016-12-15,0.08656828858290769
2016-12-16,0.09187933253721596
2016-12-19,0.08953254354035141
2016-12-20,0.08396744748674691
2016-12-21,0.0984161004904304
2016-12-22,0.10416815140485387
2016-12-23,0.10362271857249902
2016-12-27,0.0999348780394373
2016-12-28,0.11125287445126085
2016-12-29,0.113197276578267
2016-12-30,0.1196249000027044
2017-01-03,0.11090733290138745
2017-01-04,0.101222106201145
2017-01-05,0.10278535509172543
2017-01-06,0.09647863991997006
2017-01-09,0.10046286542276067
2017-01-10,0.10495841463642963
2017-01-11,0.10316789866123531
2017-01-12,0.10963521275152097
2017-01-13,0.11187714830805229
2017-01-17,0.11759397421349368
2017-01-18,0.11701715762050649
2017-01-19,0.12739382796125226
2017-01-20,0.12240513728160136
2017-01-23,0.12340192270985322
2017-01-24,0.11866732868145521
2017-01-25,0.11176175287259867
2017-01-26,0.11070327932825078
2017-01-27,0.11264266069443188
2017-01-30,0.12132930075099282
2017-01-31,0.12308292083822035
2017-02-01,0.12358138882816894
2017-02-02,0.12330928730871273
2017-02-03,0.12091391583119311
2017-02-06,0.11882782344297738
2017-02-07,0.12038384848435808
2017-02-08,0.11438681353101744
2017-02-09,0.10942114258318703
2017-02-10,0.11440350569099246
2017-02-13,0.10504888999248363
2017-02-14,0.10167777089855712
2017-02-15,0.09795045543125465
2017-02-16,0.09910878820762552
2017-02-17,0.10066528208577237
2017-02-21,0.09543921534141789
2017-02-22,0.09641860896201748
2017-02-23,0.09754160381055231
2017-02-24,0.09178234695061425
2017-02-27,0.08969302619606498
2017-02-28,0.09358455829378785
2017-03-01,0.07634107382096245
2017-03-02,0.07670291248443065
2017-03-03,0.0849809348383303
2017-03-06,0.08568988218026635
2017-03-07,0.09025118738676982
2017-03-08,0.09989506926812777
2017-03-09,0.09819142254360395
2017-03-10,0.09686412153728531
2017-03-13,0.0960407984872656
2017-03-14,0.11058787684813616
2017-03-15,0.10095757175646941
2017-03-16,0.11178401112472129
2017-03-17,0.11099336516477452
2017-03-20,0.11205954740785413
2017-03-21,0.1218206527456316
2017-03-22,0.11957677370098774
2017-03-23,0.12405157137249335
2017-03-24,0.13119566809173516
2017-03-27,0.135975935322896
2017-03-28,0.12954460974527424
2017-03-29,0.127786369161679
2017-03-30,0.11990825576463461
2017-03-31,0.1325125667759316
2017-04-03,0.14045878986015972
2017-04-04,0.136139105212825
2017-04-05,0.13867700359100835
2017-04-06,0.13874081310202407
2017-04-07,0.13916131476949495
2017-04-10,0.1371735902301488
2017-04-11,0.1397072299865067
2017-04-12,0.14610675687958344
2017-04-13,0.14798950749309783
2017-04-17,0.1476366841292121
2017-04-18,0.15834331393500464
2017-04-19,0.16500942243324315
2017-04-20,0.16440411912674216
2017-04-21,0.16989046212389428
2017-04-24,0.15885270611869914
2017-04-25,0.15055612128972673
2017-04-26,0.1592117594906225
2017-04-27,0.16639105793077594
2017-04-28,0.1645080021540736
2017-05-01,0.17343916750148222
2017-05-02,0.170151064422407
2017-05-03,0.17677856177505524
2017-05-04,0.1855811826422221
2017-05-05,0.1833208309912641
2017-05-08,0.18261391594914864
2017-05-09,0.18454103288481394
2017-05-10,0.19721384442018036
2017-05-11,0.19173171978621534
2017-05-12,0.18048853859329492
2017-05-15,0.17545122141956074
2017-05-16,0.17549687058381327
2017-05-17,0.1718687706479795
2017-05-18,0.11971829895782131
2017-05-19,0.13158918713686116
2017-05-22,0.12014932633455797
2017-05-23,0.0761251507543622
2017-05-24,0.08948638359949722
2017-05-25,0.09976105240056057
2017-05-26,0.10229233388838364
2017-05-30,0.1184130287124344
2017-05-31,0.13243216513696646
2017-06-01,0.12434256965822965
2017-06-02,0.11364574761589365
2017-06-05,0.10887482855237574
2017-06-06,0.11304757854250264
2017-06-07,0.12911717785249074
2017-06-08,0.14208705477607947
2017-06-09,0.1285113342362304
2017-06-12,0.1170829706733572
2017-06-13,0.09724826960142958
2017-06-14,0.10391238688847675
2017-06-15,0.11859598312054694
2017-06-16,0.1212297748525965
2017-06-19,0.1114100463193123
2017-06-20,0.12389668480751748
2017-06-21,0.14409529664376194
2017-06-22,0.143158767521565
2017-06-23,0.13411393315715586
2017-06-26,0.12726568052969886
2017-06-27,0.1355513442276216
2017-06-28,0.12755412438009311
2017-06-29,0.12118030194657682
2017-06-30,0.12112273199434995
2017-07-03,0.11647540386311496
2017-07-05,0.08680223098203435
2017-07-06,0.07407822793469239
2017-07-07,0.09622795988981568
2017-07-10,0.07629064103272001
2017-07-11,0.07399206298639423
2017-07-12,0.08088411631535865
2017-07-13,0.05476270836175854
2017-07-14,0.0630999973196124
2017-07-17,0.07545323037055739
2017-07-18,0.08218692585987877
2017-07-19,0.05280875745400485
2017-07-20,0.05648384390042256
2017-07-21,0.07455089713932053
2017-07-24,0.06975154375154632
2017-07-25,0.07543411781449123
2017-07-26,0.07202671897427894
2017-07-27,0.08177205177467523
2017-07-28,0.09477358750319237
2017-07-31,0.09648214348012704
2017-08-01,0.08754003941584107
2017-08-02,0.0777252787632634
2017-08-03,0.08014454323226611
2017-08-04,0.06368219679734918
2017-08-07,0.06388381515216733
2017-08-08,0.07758635656614521
2017-08-09,0.07917878231851982
2017-08-10,0.08606317390727941
2017-08-11,0.0874444867903837
2017-08-14,0.06887301200851756
2017-08-15,0.06699634662279298
2017-08-16,0.07913334735991202
2017-08-17,0.09984315787665242
2017-08-18,0.10157278476521464
2017-08-21,0.11094681159519369
2017-08-22,0.1103196551762927
2017-08-23,0.11607008359381898
2017-08-24,0.11937822753325543
2017-08-25,0.10986262949156334
2017-08-28,0.11382678125499733
2017-08-29,0.11193632363926509
2017-08-30,0.10391475945107477
2017-08-31,0.10574317470044582
2017-09-01,0.10009484471974377
2017-09-05,0.11206539474026642
2017-09-06,0.10635396973834253
2017-09-07,0.10394303286603512
2017-09-08,0.09280385065805781
2017-09-11,0.09481087739649283
2017-09-12,0.08363377263025225
2017-09-13,0.09456164976306819
2017-09-14,0.10067638029907866
2017-09-15,0.09941888158335434
2017-09-18,0.10722600131125137
2017-09-19,0.10520823613906681
2017-09-20,0.10796017929576063
2017-09-21,0.11253294863400953
2017-09-22,0.11375104118969356
2017-09-25,0.11173727320651741
2017-09-26,0.11440456428472043
2017-09-27,0.10874173080571158
2017-09-28,0.10505323986310555
2017-09-29,0.09654434860352433
2017-10-02,0.0941829332474586
2017-10-03,0.08489766549408378
2017-10-04,0.0855642790095572
2017-10-05,0.0646533972737167
2017-10-06,0.06814730738850663
2017-10-09,0.060870859986180845
2017-10-10,0.06495239351415052
2017-10-11,0.06384141120856604
2017-10-12,0.06890821543805496
2017-10-13,0.06268679865638839
2017-10-16,0.06997475108325213
2017-10-17,0.07832425001709889
2017-10-18,0.08703134834396332
2017-10-19,0.09044923359800243
2017-10-20,0.07720149487204282
2017-10-23,0.09095979710185208
2017-10-24,0.09037307819061126
2017-10-25,0.09435505876121315
2017-10-26,0.09730907513951506
2017-10-27,0.0908731815162282
2017-10-30,0.09004089079920959
2017-10-31,0.08797949236201404
2017-11-01,0.08824664396100391
2017-11-02,0.09324177591017223
2017-11-03,0.09978591091354332
2017-11-06,0.09505893943316988
2017-11-07,0.08807869300359307
2017-11-08,0.08025818278317201
2017-11-09,0.08963403183872751
2017-11-10,0.08947839299256007
2017-11-13,0.09376977862111989
2017-11-14,0.10139323369798804
2017-11-15,0.11143162421639718
2017-11-16,0.10550968809571268
2017-11-17,0.10812953175101321
2017-11-20,0.10512218425000083
2017-11-21,0.09012977817088651
2017-11-22,0.08657794398005572
2017-11-24,0.09127659877863077
2017-11-27,0.08339683781468504
2017-11-28,0.08132723489817623
2017-11-29,0.08532133896682556
2017-11-30,0.07911752034766417
2017-12-01,0.08354338120290324
2017-12-04,0.08425277024285863
2017-12-05,0.08648178454938803
2017-12-06,0.09334146742324846
2017-12-07,0.09850662943578738
2017-12-08,0.09278522328163304
2017-12-11,0.0955078965563101
2017-12-12,0.08896770997952291
2017-12-13,0.08962949964215752
2017-12-14,0.09227339264798876
2017-12-15,0.07952359637003908
2017-12-18,0.06984348249075792
2017-12-19,0.07093495844282152
2017-12-20,0.07385644595035924
2017-12-21,0.07573645650567994
2017-12-22,0.07661340987380448
2017-12-26,0.08344709257251445
2017-12-27,0.08288906127878273
2017-12-28,0.07488632981848745
2017-12-29,0.08628780633775197
2018-01-02,0.0786924478977522
2018-01-03,0.08023778932453282
2018-01-04,0.07550686029610854
2018-01-05,0.0642400966469923
2018-01-08,0.06108726905039886
2018-01-09,0.056220874369658266
2018-01-10,0.06031883092366802
2018-01-11,0.052905779377882316
2018-01-12,0.04965476704848105
2018-01-16,0.05294948671393509
2018-01-17,0.043870585679283536
2018-01-18,0.03701893011885542
2018-01-19,0.02678362389191754
2018-01-22,0.018164668693868284
2018-01-23,0.014515082711644502
2018-01-24,-0.01827643194737409
2018-01-25,-0.03905252542484811
2018-01-26,-0.03680647925654162
2018-01-29,-0.03600452393335797
2018-01-30,-0.004432354413968806
2018-01-31,-0.005170354008697317
2018-02-01,-0.01885199453577914
2018-02-02,0.002045575959165909
2018-02-05,0.040370844100556885
2018-02-06,0.016900810586330122
2018-02-07,-0.009531340770582587
2018-02-08,0.0482642651527993
2018-02-09,0.014941456299197077
2018-02-12,-0.005553463855421686
2018-02-13,0.007394061390604289
2018-02-14,0.004858060568206451
2018-02-15,0.00335755938033404
2018-02-16,-0.003352552945075552
2018-02-20,0.008117797541048955
2018-02-21,0.02003452798498425
2018-02-22,0.04065516251302434
2018-02-23,0.021668557579747373
2018-02-26,0.0005072355949921838
2018-02-27,-0.006580982407388379
2018-02-28,0.003076778307871788
2018-03-01,0.008929463655945038
2018-03-02,0.014472810467951696
2018-03-05,0.005634111173022449
2018-03-06,-0.013705458378898874
2018-03-07,-0.031139120848443273
2018-03-08,-0.032508585349565695
2018-03-09,-0.05526866577458795
2018-03-12,-0.03937092352567055
2018-03-13,-0.03006539409943399
2018-03-14,-0.002069460933219794
2018-03-15,-0.003468833021832987
2018-03-16,0.002965073557297831
2018-03-19,0.028548647782781322
2018-03-20,-0.0062128288355771345
2018-03-21,-0.0058924754221369785
2018-03-22,-0.004013278227176039
2018-03-23,0.019109347882703156
2018-03-26,-0.008188681473514524
2018-03-27,0.014717008002398215
2018-03-28,0.017481780830134356
2018-03-29,-0.015494955904610926
2018-04-02,-0.013920067174891115
2018-04-03,-0.026120231917956722
2018-04-04,-0.05207793106949823
2018-04-05,-0.07338787143257541
2018-04-06,-0.0721259433315376
2018-04-09,-0.10028464512972995
2018-04-10,-0.07120038152857697
2018-04-11,-0.05804270952588194
2018-04-12,-0.06691091207302838
2018-04-13,-0.05626245093727554
2018-04-16,-0.06266619853537876
2018-04-17,-0.09551469310053888
2018-04-18,-0.065235674796065
2018-04-19,-0.053261427278974094
2018-04-20,-0.03585204682902173
2018-04-23,-0.03195535948407992
2018-04-24,-0.01439335796955248
2018-04-25,-0.01634458368351737
2018-04-26,-0.03162044734307318
2018-04-27,-0.02232654480620844
2018-04-30,-0.012065463485485938
2018-05-01,-0.007096612755804846
2018-05-02,0.013294547534834226
2018-05-03,0.001205417247604623
2018-05-04,-0.009281289255252916
2018-05-07,-0.011337074722675209
2018-05-08,-0.0026796881338983338
2018-05-09,-0.01999412134570505
2018-05-10,-0.030506034099013826
2018-05-11,-0.017109498913471636
2018-05-14,-0.009534266234042637
2018-05-15,-0.0018144985021293254
2018-05-16,0.0008852862060715281
2018-05-17,0.006459275518567623
2018-05-18,0.006870749370631258
2018-05-21,-0.009864567213865421
2018-05-22,-0.006078334978895641
2018-05-23,-0.008594034990312227
2018-05-24,0.006221211045829174
2018-05-25,0.011648697608088876
2018-05-29,0.020770549699859326
2018-05-30,0.018939022876448178
2018-05-31,0.02753514055771856
2018-06-01,0.018313269060523503
2018-06-04,0.010196974895077673
2018-06-05,0.01595964503332198
2018-06-06,0.008570349677593661
2018-06-07,0.00849337242351488
2018-06-08,0.004803781670183196
2018-06-11,0.0008950360296099928
2018-06-12,0.006042608378600042
2018-06-13,0.0061896493792758895
2018-06-14,0.002573203186535778
2018-06-15,-0.002953584681972761
2018-06-18,-0.00894819949864804
2018-06-19,-0.007065839994435985
2018-06-20,0.00577453278768142
2018-06-21,0.015186783434669414
2018-06-22,0.020342098910420676
2018-06-25,0.03364282473751965
2018-06-26,0.03651036691652798
2018-06-27,0.049380864926145476
2018-06-28,0.04280071393094701
2018-06-29,0.03894240251242002
2018-07-02,0.047005337462049865
2018-07-03,0.03224581537032626
2018-07-05,0.022564412750113633
2018-07-06,0.02124772308543453
2018-07-09,0.007614547928965027
2018-07-10,0.007731241887911018
2018-07-11,0.02176620297884617
2018-07-12,0.024622144731942533
2018-07-13,0.023535392463382526
2018-07-16,0.026790011733176623
2018-07-17,0.024858017311039
2018-07-18,0.027390013509318654
2018-07-19,0.03254781782595936
2018-07-20,0.027257139411531385
2018-07-23,0.02893856779669125
2018-07-24,0.02408175023661836
2018-07-25,0.021552471399750014
2018-07-26,0.02401465339385453
2018-07-27,0.031303874704472684
2018-07-30,0.03491395493686544
2018-07-31,0.031509535240878524
2018-08-01,0.0336287782824749
2018-08-02,0.037655351207434906
2018-08-03,0.03059478562711566
2018-08-06,0.02658224183524139
2018-08-07,0.028487443555638006
2018-08-08,0.02985970521153145
2018-08-09,0.03232781189747254
2018-08-10,0.03192411277268687
2018-08-13,0.03387401183099201
2018-08-14,0.037211768156667595
2018-08-15,0.040484339803278646
2018-08-16,0.015263935282007614
2018-08-17,0.010276738347656168
2018-08-20,0.004784628074893888
2018-08-21,0.006440865977116805
2018-08-22,-0.017453910441165617
2018-08-23,-0.007899974278318844
2018-08-24,-0.008254796500641629
2018-08-27,-0.007049276753813112
2018-08-28,-0.013111208888393075
2018-08-29,-0.025329116142651233
2018-08-30,-0.012674294800954774
2018-08-31,-0.01559527409613058
2018-09-04,-0.025711833115394777
2018-09-05,-0.021650639392155283
2018-09-06,-0.0262886867727707
2018-09-07,-0.030873883656916644
2018-09-10,-0.03067980208955254
2018-09-11,-0.047034284213348154
2018-09-12,-0.050008298814097775
2018-09-13,-0.03474643943716295
2018-09-14,-0.027136186361008903
2018-09-17,-0.015684733393759996
2018-09-18,-0.010663451931203405
2018-09-19,-0.007297226932868484
2018-09-20,-0.015364677743538344
2018-09-21,-0.017008685385445647
2018-09-24,-0.009498701259602567
2018-09-25,-0.009802603119341988
2018-09-26,-0.005609159417494276
2018-09-27,0.0012868908716540837
2018-09-28,0.004282795541629782
2018-10-01,0.010117603787456525
2018-10-02,0.009245998682686328
2018-10-03,0.006781753548747719
2018-10-04,0.005434836110574721
2018-10-05,0.00977621761704061
2018-10-08,0.014037432419564734
2018-10-09,0.021323843713184572
2018-10-10,0.06413161270080266
2018-10-11,0.0896652147877607
2018-10-12,0.08264526611755398
2018-10-15,0.0871094738762905
2018-10-16,0.059087103516489776
2018-10-17,0.06066471507815914
2018-10-18,0.08100681046860118
2018-10-19,0.08386861685372812
2018-10-22,0.09357814842625196
2018-10-23,0.09983256525599005
2018-10-24,0.13099654704778377
2018-10-25,0.10306510142785405
2018-10-26,0.1265360660437462
2018-10-29,0.12697022524254614
2018-10-30,0.11272525830784201
2018-10-31,0.10831789977156438
2018-11-01,0.10188037727282932
2018-11-02,0.10304945805204285
2018-11-05,0.10501004001562751
2018-11-06,0.09636176458887452
2018-11-07,0.07082368062380284
2018-11-08,0.06183124729924285
2018-11-09,0.062045820842862406
2018-11-12,0.0755001725234644
2018-11-13,0.04502276178337871
2018-11-14,0.06669798273435179
2018-11-15,0.0563255556542181
2018-11-16,0.0737573656542671
2018-11-19,0.08470560908355963
2018-11-20,0.091150679394421
2018-11-21,0.10430092260878433
2018-11-23,0.07902575228374085
2018-11-26,0.06514060471116669
2018-11-27,0.07699363417708523
2018-11-28,0.0655516131776266
2018-11-29,0.05943091461596898
2018-11-30,0.05951083245412739
2018-12-03,0.047513350708473866
2018-12-04,0.054461769604010904
2018-12-06,0.06766814478930754
2018-12-07,0.08965919264881833
2018-12-10,0.09486221944796702
2018-12-11,0.10914829664606869
2018-12-12,0.10387876799821859
2018-12-13,0.09648221747263326
2018-12-14,0.12993714666420017
2018-12-17,0.1689199543160497
2018-12-18,0.16988330024793197
2018-12-19,0.18806441987482506
2018-12-20,0.20749203091222407
2018-12-21,0.2417880287834208
2018-12-24,0.28006887982333734
2018-12-26,0.21870160557808457
2018-12-27,0.20456594738523134
2018-12-28,0.209177131550462
2018-12-31,0.19940557406278772
2019-01-02,0.19790998672027063
2019-01-03,0.22230582242737962
2019-01-04,0.181615717012319
2019-01-07,0.16351406085873263
2019-01-08,0.15943855838474819
2019-01-09,0.15190183298142537
2019-01-10,0.1406240994479325
2019-01-11,0.14654925894848933
2019-01-14,0.1384800173864199
2019-01-15,0.10623685147546402
2019-01-16,0.11258353050791813
2019-01-17,0.11989941179369026
2019-01-18,0.10037783287815191
2019-01-22,0.09881125978940981
2019-01-23,0.10637812421499956
2019-01-24,0.11194657591658641
2019-01-25,0.11464822672436295
2019-01-28,0.12190547602272003
2019-01-29,0.13472724683357007
2019-01-30,0.11511903431755409
2019-01-31,0.10866826038367301
2019-02-01,0.10333154217677569
2019-02-04,0.10343606902135172
2019-02-05,0.09434563453600484
2019-02-06,0.099908076693621
2019-02-07,0.11242955035740318
2019-02-08,0.11620536347010985
2019-02-11,0.12163992438830377
2019-02-12,0.10644395411875066
2019-02-13,0.10669698009410973
2019-02-14,0.10628506087666308
2019-02-15,0.10495381330297203
2019-02-19,0.10738697179501976
2019-02-20,0.10411181495285299
2019-02-21,0.10879755493357855
2019-02-22,0.104742063311669
2019-02-25,0.10620825335699786
2019-02-26,0.1049107404227297
2019-02-27,0.10724192898013113
2019-02-28,0.11116938825916543
2019-03-01,0.10448371522113453
2019-03-04,0.11731907844414237
2019-03-05,0.11914761299397203
2019-03-06,0.1258294346326888
2019-03-07,0.1307890845665532
2019-03-08,0.13141114215821742
2019-03-11,0.11748283853623694
2019-03-12,0.12255684023513595
2019-03-13,0.11725702147942837
2019-03-14,0.12289562494447359
2019-03-15,0.11284402447634168
2019-03-18,0.09916559531502048
2019-03-19,0.09201180430585319
2019-03-20,0.10216237037784946
2019-03-21,0.09196535742494091
2019-03-22,0.12325444476097194
2019-03-25,0.12064203338956803
2019-03-26,0.11142966831052115
2019-03-27,0.11986288852399782
2019-03-28,0.12542626882559046
2019-03-29,0.11797916949117213
2019-04-01,0.11309331310174293
2019-04-02,0.11344708863044486
2019-04-03,0.11057980129226133
2019-04-04,0.11321156104965745
2019-04-05,0.11355323381211872
2019-04-08,0.11335153966664402
2019-04-09,0.11992910065198323
2019-04-10,0.12177090860032723
2019-04-11,0.12176626649679022
2019-04-12,0.10795867677475161
2019-04-15,0.11192255674527125
2019-04-16,0.12066831506473583
2019-04-17,0.11529250706403901
2019-04-18,0.11746866523186858
2019-04-22,0.11320954626567191
2019-04-23,0.1088633131866216
2019-04-24,0.11869500424353062
2019-04-25,0.1159126724820935
2019-04-26,0.11845722066264798
2019-04-29,0.11556792477857716
2019-04-30,0.1165919118987711
2019-05-01,0.13444472668504737
2019-05-02,0.14125013535381362
2019-05-03,0.1273577762949261
2019-05-06,0.13274817242324102
2019-05-07,0.1530798643434657
2019-05-08,0.14449092529623275
2019-05-09,0.12990118016214525
2019-05-10,0.137030645267066
2019-05-13,0.16413623884515802
2019-05-14,0.15849859897846144
2019-05-15,0.1313803293367126
2019-05-16,0.12954046999649532
2019-05-17,0.15319302616362587
2019-05-20,0.17409152228436606
2019-05-21,0.16807241541578083
2019-05-22,0.16505440248384473
2019-05-23,0.18774097861615524
2019-05-24,0.1881382314538706
2019-05-28,0.20591712099805995
2019-05-29,0.2123304603373029
2019-05-30,0.21202203836395342
2019-05-31,0.22464261945818642
2019-06-03,0.233817326819121
2019-06-04,0.20331967914842755
2019-06-05,0.1810236948974206
2019-06-06,0.13448259134270088
2019-06-07,0.08870160344784662
2019-06-10,0.07955711606670002
2019-06-11,0.032241534177631995
2019-06-12,0.025827782287377102
2019-06-13,0.0686773233417963
2019-06-14,0.040315533015872214
2019-06-17,0.0832102633910799
2019-06-18,0.03639446196769771
2019-06-19,0.0156879495577628
2019-06-20,-0.0702800363725888
2019-06-21,-0.023125201281182655
2019-06-24,-0.0692516027232411
2019-06-25,-0.14970281820594986
2019-06-26,-0.06958658777497115
2019-06-27,-0.18420676581022852
2019-06-28,-0.1402459979705296
2019-07-01,-0.19101448406410335
2019-07-02,-0.1895789504025022
2019-07-03,-0.2306213760236736
2019-07-05,-0.25180829113640374
2019-07-08,-0.17763063281313388
2019-07-09,-0.16917195894912757
2019-07-10,-0.12128015439310288
2019-07-11,-0.15281790281625482
2019-07-12,-0.12845045065771513
2019-07-15,-0.14255712901061696
2019-07-16,-0.17760749927587752
2019-07-17,-0.1533028298657808
2019-07-18,-0.16909568827640692
2019-07-19,-0.10512971618318112
2019-07-22,-0.1090843689985256
2019-07-23,-0.08500833238224087
2019-07-24,-0.0760839280479051
2019-07-25,-0.08058143716118109
2019-07-26,-0.05942113727832584
2019-07-29,-0.07865350055960561
2019-07-30,-0.0708984818892585
2019-07-31,-0.03550548197865664
2019-08-01,-0.044150159095278786
2019-08-02,-0.06667348339176815
2019-08-05,-0.015969801035096383
2019-08-06,-0.02913833169684498
2019-08-07,-0.01638013805723326
2019-08-08,-0.020288726907169662
2019-08-09,-0.018933414974248816
2019-08-12,0.01970723958650486
2019-08-13,-0.004746622513694282
2019-08-14,-0.003481706815017802
2019-08-15,-0.0017067380443887353
2019-08-16,-0.007006657266760497
2019-08-19,-0.025731528391426665
2019-08-20,-0.0066609211119171945
2019-08-21,0.0018362953850931652
2019-08-22,0.002476946357385397
2019-08-23,0.00808188264501688
2019-08-26,-0.02028220220725567
2019-08-27,-0.005806547079882632
2019-08-28,-0.008393522970069664
2019-08-29,0.010028733425271389
2019-08-30,-0.001202825112332086
2019-09-03,0.0224824560180281
2019-09-04,0.0036524111273634405
2019-09-05,-0.0069052583427839384
2019-09-06,0.004384468029790843
2019-09-09,0.01937260653974553
2019-09-10,0.016896106151137114
2019-09-11,0.014455561423058233
2019-09-12,0.015337709726272773
2019-09-13,0.02441657995940826
2019-09-16,0.04166505152755243
2019-09-17,0.035482632404074066
2019-09-18,0.062260313492696964
2019-09-19,0.07503013199616883
2019-09-20,0.07189332414237211
2019-09-23,0.06630162021900665
2019-09-24,0.011966560652393501
2019-09-25,0.01890867581850786
2019-09-26,0.02987955723081333
2019-09-27,0.055017387803577664
2019-09-30,0.04593951787815802
2019-10-01,0.059549387940013604
2019-10-02,0.07276947891005577
2019-10-03,0.07119772453141016
2019-10-04,0.0607315113105287
2019-10-07,0.037954408984618125
2019-10-08,0.06591634715823005
2019-10-09,0.030708415935892217
2019-10-10,0.03917801867618147
2019-10-11,0.0437738046293074
2019-10-14,0.050472905957931906
2019-10-15,0.04484126515192573
2019-10-16,0.063561785008211
2019-10-17,0.049156963787835815
2019-10-18,0.061529701037691696
2019-10-21,0.04833508924710883
2019-10-22,0.06310102818912813
2019-10-23,0.050157745727181555
2019-10-24,0.062196658142302914
2019-10-25,0.06749599062709379
2019-10-28,0.05795518586181702
2019-10-29,0.0618527818047301
2019-10-30,0.06730736716088775
2019-10-31,0.07234095326368772
2019-11-01,0.06818267031458129
2019-11-04,0.05112933289786316
2019-11-05,0.045862500162780526
2019-11-06,0.052857169269154805
2019-11-07,0.0431935941236207
2019-11-08,0.05346122929396959
2019-11-11,0.05157416413741648
2019-11-12,0.057984897084113717
2019-11-13,0.06482465185555521
2019-11-14,0.06777694942428907
2019-11-15,0.06643573741977016
2019-11-18,0.07275070408712656
2019-11-19,0.07406627268919554
2019-11-20,0.081072303627041
2019-11-21,0.07415722028618403
2019-11-22,0.08682793411612223
2019-11-25,0.07652124918068319
2019-11-26,0.073978219110247
2019-11-27,0.07241182887898587
2019-11-29,0.07921096293997865
2019-12-02,0.08381209576733134
2019-12-03,0.09450086098798974
2019-12-04,0.09136583014800549
2019-12-05,0.10067591077855552
2019-12-06,0.09463405291173971
2019-12-09,0.10930305992452097
2019-12-10,0.11237917941528519
2019-12-11,0.11662103450108781
2019-12-12,0.10469706620884152
2019-12-13,0.11292913658214687
2019-12-16,0.12201041616703688
2019-12-17,0.08223598832781889
2019-12-18,0.07389837998260106
2019-12-19,0.03945565288232425
2019-12-20,0.05517784933997478
2019-12-23,0.03572567432847338
2019-12-24,0.03648036910499794
2019-12-26,0.04433151873028877
2019-12-27,0.049746585104108
2019-12-30,0.050973352036211714
2019-12-31,0.03907105383965798
2020-01-02,0.018914275120026344
2020-01-03,0.014285039350349051
2020-01-06,0.021344443004662112
2020-01-07,-8.031983736326491e-05
2020-01-08,-0.0019858166460817684
2020-01-09,0.00725562955993031
2020-01-10,0.026413706775854487
2020-01-13,0.014397268227778363
2020-01-14,0.024321185456456687
2020-01-15,0.027820596140468903
2020-01-16,0.009530200018342878
2020-01-17,0.0237204178521914
2020-01-21,0.012099509805795577
2020-01-22,0.029409179320012042
2020-01-23,0.036472283490140374
2020-01-24,0.05512716653164911
2020-01-27,0.0895879303093172
2020-01-28,0.07193915650525627
2020-01-29,0.0657634343353884
2020-01-30,0.06081024866335149
2020-01-31,0.08007702246412847
2020-02-03,0.05478743837344983
2020-02-04,0.044132237609304084
2020-02-05,0.030248724457111815
2020-02-06,0.03219278015719866
2020-02-07,0.041373777539746005
2020-02-10,0.014581912040215698
2020-02-11,0.009807142175750131
2020-02-12,-0.03208212088994061
2020-02-13,-0.01891848553705164
2020-02-14,-0.0326019934077927
2020-02-18,-0.017817472126176084
2020-02-19,-0.005017495008893507
2020-02-20,0.020813867226373784
2020-02-21,0.05174142795951614
2020-02-24,0.08789824149934403
2020-02-25,0.13499414819839745
2020-02-26,0.1377042512365907
2020-02-27,0.19937823134347749
2020-02-28,0.1972737456391211
2020-03-02,0.1601563394967538
2020-03-03,0.2076133711771054
2020-03-04,0.15316022841325916
2020-03-05,0.1798481809143797
2020-03-06,0.20505521720717532
2020-03-09,0.29527116216929733
2020-03-10,0.24125767622082173
2020-03-11,0.32612409352754534
2020-03-12,0.46319097471719717
2020-03-13,0.34205947261331565
2020-03-16,0.5177840522845858
2020-03-17,0.4480723219765469
2020-03-18,0.5299653310349645
2020-03-19,0.5218458340835888
2020-03-20,0.6048801010745527
2020-03-23,0.6501117914012826
2020-03-24,0.5127710124154751
2020-03-25,0.4836319787958336
2020-03-26,0.3946777090788281
2020-03-27,0.4414728496374735
2020-03-30,0.38864718399651704
2020-03-31,0.4294801076958434
2020-04-01,0.49814609264318965
2020-04-02,0.47314105201241874
2020-04-03,0.4905310339618051
2020-04-06,0.3871486127085882
2020-04-07,0.3864955503760554
2020-04-08,0.34183159003820873
2020-04-09,0.32734727253267953
2020-04-13,0.35259258696089585
2020-04-14,0.3095437068548883
2020-04-15,0.34083981052647644
2020-04-16,0.34166919785257766
2020-04-17,0.28737957353868177
2020-04-20,0.32010237586481033
2020-04-21,0.3696538034338631
2020-04-22,0.3588312689353735
2020-04-23,0.36703119053937205
2020-04-24,0.33942840038291505
2020-04-27,0.32055458686471044
2020-04-28,0.33053486630154294
2020-04-29,0.2912152115328665
2020-04-30,0.2938508697022201
2020-05-01,0.34203431808012497
2020-05-04,0.3549779828223675
2020-05-05,0.34326328843071785
2020-05-06,0.34863189981287596
2020-05-07,0.33811382998933853
2020-05-08,0.3139531889649906
2020-05-11,0.2800433059063704
2020-05-12,0.3195893301231744
2020-05-13,0.31710637951573584
2020-05-14,0.3230009140830412
2020-05-15,0.3361420972291313
2020-05-18,0.2966441211268665
2020-05-19,0.32460470206296804
2020-05-20,0.30798790474472987
2020-05-21,0.3279894166619677
2020-05-22,0.323395775630677
2020-05-26,0.30687848908423093
2020-05-27,0.2899250144017508
2020-05-28,0.2987395257963602
2020-05-29,0.2917836922652996
2020-06-01,0.28654367475294157
2020-06-02,0.270431211124714
2020-06-03,0.250999822066227
2020-06-04,0.24552183345928588
2020-06-05,0.21523333331040165
2020-06-08,0.21440484041043004
2020-06-09,0.19398978838450623
2020-06-10,0.19466544749664666
2020-06-11,0.2996968593437439
2020-06-12,0.27257332021321634
2020-06-15,0.24559196411234263
2020-06-16,0.20601073448689286
2020-06-17,0.23396572767431292
2020-06-18,0.22662373604406685
2020-06-19,0.25105397923117306
2020-06-22,0.2504762639327119
2020-06-23,0.2580565960826973
2020-06-24,0.292758484129215
2020-06-25,0.2870456614125109
2020-06-26,0.31693055836036294
2020-06-29,0.30160751526198754
2020-06-30,0.2629334390022103
2020-07-01,0.2558651424482684
2020-07-02,0.2589704427768575
2020-07-06,0.2298315749693281
2020-07-07,0.23648462097745512
2020-07-08,0.23331043861888032
2020-07-09,0.26093811249607596
2020-07-10,0.24679440107116982
2020-07-13,0.2546035096075986
2020-07-14,0.24249101438324777
2020-07-15,0.24586867877472668
2020-07-16,0.26817634989057376
2020-07-17,0.26334296703318333
2020-07-20,0.25465885188051207
2020-07-21,0.2578423419571169
2020-07-22,0.26030969898598794
2020-07-23,0.2757800097983417
2020-07-24,0.28795601318632597
2020-07-27,0.2732751544753363
2020-07-28,0.29578926368058817
2020-07-29,0.2845012613727722
2020-07-30,0.2824946563073623
2020-07-31,0.2640746268166575
2020-08-03,0.26674167376388536
2020-08-04,0.2505572244621299
2020-08-05,0.25614747934528814
2020-08-06,0.25034940912989856
2020-08-07,0.24928987677647366
2020-08-10,0.24481998418393425
2020-08-11,0.26330591292699107
2020-08-12,0.2369044037107265
2020-08-13,0.24284785550917096
2020-08-14,0.23475993170997092
2020-08-17,0.2322892308327566
2020-08-18,0.23949639235411416
2020-08-19,0.2541594367689653
2020-08-20,0.23716372531747743
2020-08-21,0.22222686157806307
2020-08-24,0.18411788148199693
2020-08-25,0.19423741877742098
2020-08-26,0.1998200840796026
2020-08-27,0.19478554783927965
2020-08-28,0.17668708659151916
2020-08-31,0.17580445928687957
2020-09-01,0.17934023290018705
2020-09-02,0.16058236650532848
2020-09-03,0.21475451468584558
2020-09-04,0.22211228918670228
2020-09-08,0.25936123093814656
2020-09-09,0.23593097038242683
2020-09-10,0.2590208814269343
2020-09-11,0.2577305620553537
2020-09-14,0.2437033605647746
2020-09-15,0.2327561324971835
2020-09-16,0.24941741045464375
2020-09-17,0.2590132311897191
2020-09-18,0.27347432057943527
2020-09-21,0.2860324801539851
2020-09-22,0.27856751278940695
2020-09-23,0.31218567153984517
2020-09-24,0.3106520340263857
2020-09-25,0.28744623067760966
2020-09-28,0.2602041031882364
2020-09-29,0.26574662652150094
2020-09-30,0.23890877053597978
2020-10-01,0.24964209005111804
2020-10-02,0.2681921743639578
2020-10-05,0.2444521862997906
2020-10-06,0.2694223011705271
2020-10-07,0.25187173006818636
2020-10-08,0.24479877627598273
2020-10-09,0.23429023199447563
2020-10-12,0.21596845573395992
2020-10-13,0.23007577756204178
2020-10-14,0.24756424116237888
2020-10-15,0.24694687554690606
2020-10-16,0.2509665594603834
2020-10-19,0.2608464518349944
2020-10-20,0.26906690907337577
2020-10-21,0.2762489399202135
2020-10-22,0.26515784707428053
2020-10-23,0.2622821501430475
2020-10-26,0.28199596665502064
2020-10-27,0.2761924579994924
2020-10-28,0.30188050743465195
2020-10-29,0.3060169959001228
2020-10-30,0.33294902490384326
2020-11-02,0.31938469517417656
2020-11-03,0.3094629385817284
2020-11-04,0.28426802265687207
2020-11-05,0.25381646858921425
2020-11-06,0.25394370902252617
2020-11-09,0.24465565479333898
2020-11-10,0.23966225904357594
2020-11-11,0.22798146596039323
2020-11-12,0.2505336117600764
2020-11-13,0.22802679836952205
2020-11-16,0.2211773120883306
2020-11-17,0.22911292703539857
2020-11-18,0.24232369313439994
2020-11-19,0.2386685878726824
2020-11-20,0.2487308947956873
2020-11-23,0.246881271620232
2020-11-24,0.2290223408142525
2020-11-25,0.23419891214434932
2020-11-27,0.2225541684376007
2020-11-30,0.214997159266333
2020-12-01,0.2029651909039126
2020-12-02,0.2105908433209023
2020-12-03,0.2216721813902963
2020-12-04,0.2127829965899302
2020-12-07,0.21783280127028565
2020-12-08,0.2073738942534945
2020-12-09,0.2277677733344031
2020-12-10,0.2346418904860835
2020-12-11,0.23453790242158692
2020-12-14,0.2403296118324091
2020-12-15,0.22798827793051077
2020-12-16,0.22540447250895648
2020-12-17,0.2142522750618176
2020-12-18,0.21692396666180283
2020-12-21,0.21606959830299097
2020-12-22,0.20918515817071517
2020-12-23,0.21103464994464508
2020-12-24,0.1998319590783963
2020-12-28,0.19953634092993905
2020-12-29,0.2003493263048839
2020-12-30,0.18781958070540444
2020-12-31,0.16018335684887153
2021-01-04,0.17660142307668455
2021-01-05,0.17944865383195616
2021-01-06,0.1869834392463293
2021-01-07,0.17132647562399858
2021-01-08,0.16169455815753578
2021-01-11,0.14554645338751926
2021-01-12,0.14686717268454047
2021-01-13,0.1306353914312015
2021-01-14,0.14793678744558594
2021-01-15,0.14123531106946194
2021-01-19,0.14393873910812333
2021-01-20,0.13284517674833865
2021-01-21,0.14188418263008742
2021-01-22,0.1431404845646182
2021-01-25,0.13120170876142342
2021-01-26,0.13015044859083347
2021-01-27,0.16344104862842618
2021-01-28,0.17185492423568507
2021-01-29,0.20384523588777276
2021-02-01,0.18882519045000848
2021-02-02,0.18119802462468496
2021-02-03,0.18433125264208353
2021-02-04,0.17512534329063506
2021-02-05,0.1693075876721119
2021-02-08,0.16623034535485995
2021-02-09,0.1696550859722711
2021-02-10,0.16414834015491106
2021-02-11,0.17363995817845373
2021-02-12,0.1704139165793472
2021-02-16,0.1731886158391084
2021-02-17,0.17788377224033095
2021-02-18,0.19075257580003918
2021-02-19,0.1979543158793052
2021-02-22,0.21179666842673803
2021-02-23,0.2113506450962795
2021-02-24,0.19356352847745517
2021-02-25,0.21344927697375649
2021-02-26,0.21991266118188627
2021-03-01,0.20017069357718487
2021-03-02,0.2099351101401729
2021-03-03,0.23069228592650456
2021-03-04,0.24418396811589377
2021-03-05,0.22452201513085493
2021-03-08,0.22939794598220703
2021-03-09,0.20836344059224124
2021-03-10,0.20311072476415393
2021-03-11,0.1934638431928234
2021-03-12,0.1651594878404866
2021-03-15,0.17292528691724768
2021-03-16,0.1524941378549786
2021-03-17,0.1356073560897791
2021-03-18,0.16898145896512498
2021-03-19,0.1598042632488602
2021-03-22,0.16522394348631533
2021-03-23,0.19849789199181644
2021-03-24,0.20880454053840958
2021-03-25,0.19386783338997343
2021-03-26,0.18555102558300157
2021-03-29,0.17574019010075567
2021-03-30,0.1706533419027655
2021-03-31,0.18549726395762
2021-04-01,0.16139820088053802
2021-04-05,0.1330902928967937
2021-04-06,0.1212781938936617
2021-04-07,0.13953113055550154
2021-04-08,0.14629369739306525
2021-04-09,0.14459171251103684
2021-04-12,0.1606592238296954
2021-04-13,0.15567940772291738
2021-04-14,0.162049690646862
2021-04-15,0.1458630233859656
2021-04-16,0.1387442583817739
2021-04-19,0.15211644927797996
2021-04-20,0.15927682311928984
2021-04-21,0.1263137106062315
2021-04-22,0.135688643444205
2021-04-23,0.11886116415535217
2021-04-26,0.11526115272346432
2021-04-27,0.12571884013382623
2021-04-28,0.1298461694334162
2021-04-29,0.1062715744100555
2021-04-30,0.11520224836144563
2021-05-03,0.09169589060495416
2021-05-04,0.08838646985939166
2021-05-05,0.07561687894775813
2021-05-06,0.04672479156686909
2021-05-07,0.041943434546191816
2021-05-10,0.04011527290171668
2021-05-11,0.047645787305722664
2021-05-12,0.06484546645602159
2021-05-13,0.07765351918693009
2021-05-14,0.08186678942378052
2021-05-17,0.09205460018497803
2021-05-18,0.11181414834235413
2021-05-19,0.0878979294245889
2021-05-20,0.08208699396727683
2021-05-21,0.07892716903290146
2021-05-24,0.07731388701001145
2021-05-25,0.09528126016492389
2021-05-26,0.07342482382966997
2021-05-27,0.05183681989984892
2021-05-28,0.04699212556723175
2021-06-01,0.06402361297258656
2021-06-02,0.06342253571789103
2021-06-03,0.04469744054849698
2021-06-04,0.02812838551902586
2021-06-07,0.0185116232106307
2021-06-08,-0.00041628991889970093
2021-06-09,0.016388096793686566
2021-06-10,0.03431553284608645
2021-06-11,0.029782645957347698
2021-06-14,0.01201129559574353
2021-06-15,0.03295590119645635
2021-06-16,0.033096581811758376
2021-06-17,0.025346709121482094
2021-06-18,0.008313947560556856
2021-06-21,-0.012802966123732573
2021-06-22,0.007403835174892019
2021-06-23,0.004168044158315
2021-06-24,-0.014574081356208425
2021-06-25,-0.025133816226855777
2021-06-28,-0.006563092163130128
2021-06-29,0.015392157509676771
2021-06-30,0.026566590314136124
2021-07-01,0.033144019991778226
2021-07-02,0.02500731467179561
2021-07-06,0.03869420396894185
2021-07-07,0.022512030205759932
2021-07-08,0.04613484017869059
2021-07-09,0.039708954391620456
2021-07-12,0.04353620301385722
2021-07-13,0.06005436659364592
2021-07-14,0.05215700816402982
2021-07-15,0.039077799806279095
2021-07-16,0.0505411630571075
2021-07-19,0.07611850315569035
2021-07-20,0.046740053539639746
2021-07-21,0.0280955889461572
2021-07-22,0.03039051834520474
2021-07-23,0.017337576225636517
2021-07-26,-0.0022092621402316696
2021-07-27,-0.0009110080883584659
2021-07-28,0.010441596132309853
2021-07-29,-0.006010218974392236
2021-07-30,-0.0008121986888395834
2021-08-02,0.017106693627444432
2021-08-03,0.00820688734729861
2021-08-04,-0.002044218649768739
2021-08-05,-0.03551970130077875
2021-08-06,-0.03164640342558045
2021-08-09,-0.05801660443739009
2021-08-10,-0.05697639918014312
2021-08-11,-0.034870746014313385
2021-08-12,-0.07373065025646415
2021-08-13,-0.06996869229800806
2021-08-16,-0.06791287452125175
2021-08-17,-0.033252583958054235
2021-08-18,-0.0575873528713004
2021-08-19,-0.06411093863978568
2021-08-20,-0.10141004162022044
2021-08-23,-0.10681472370462991
2021-08-24,-0.12283143111859543
2021-08-25,-0.12590879626054916
2021-08-26,-0.0998009188863255
2021-08-27,-0.11118184899281985
2021-08-30,-0.09714293169071744
2021-08-31,-0.13244364422411395
2021-09-01,-0.1377735248888977
2021-09-02,-0.140091925308615
2021-09-03,-0.12384275669826575
2021-09-07,-0.1279969009468597
2021-09-08,-0.11859361166232099
2021-09-09,-0.09690909938529077
2021-09-10,-0.06736221812490226
2021-09-13,-0.07531895630214253
2021-09-14,-0.07693360174763825
2021-09-15,-0.0678198401695466
2021-09-16,-0.08163396723945236
2021-09-17,-0.0702821441332763
2021-09-20,-0.04521845216905886
2021-09-21,-0.05475643577413593
2021-09-22,-0.08595336665603602
2021-09-23,-0.12320124510632759
2021-09-24,-0.15842290858682959
2021-09-27,-0.15926454771251441
2021-09-28,-0.12926435459165872
2021-09-29,-0.158893520668392
2021-09-30,-0.146881966373916
2021-10-01,-0.13592943711562352
2021-10-04,-0.12570052349505673
2021-10-05,-0.1265590528576573
2021-10-06,-0.10354180304479917
2021-10-07,-0.11356294089210305
2021-10-08,-0.1297530628910062
2021-10-11,-0.12436052329020277
2021-10-12,-0.12992771935676367
2021-10-13,-0.1233946905593807
2021-10-14,-0.1367359967857616
2021-10-15,-0.14006669603464578
2021-10-18,-0.13013374661388924
2021-10-19,-0.1372346886984532
2021-10-20,-0.1502935323634783
2021-10-21,-0.1606626629959018
2021-10-22,-0.16350632335459292
2021-10-25,-0.1699558743223885
2021-10-26,-0.1555547076208458
2021-10-27,-0.15836571338215275
2021-10-28,-0.14353126817874134
2021-10-29,-0.14015781475003017
2021-11-01,-0.13323882746542523
2021-11-02,-0.1444764846490842
2021-11-03,-0.14885084066826842
2021-11-04,-0.16217954476287
2021-11-05,-0.14346256619040446
2021-11-08,-0.13383887477539397
2021-11-09,-0.11844831352382477
2021-11-10,-0.1136460167654744
2021-11-11,-0.12003606496945662
2021-11-12,-0.11268355056792274
2021-11-15,-0.11336377496852573
2021-11-16,-0.11821352772485903
2021-11-17,-0.1170075676945629
2021-11-18,-0.12372512921257703
2021-11-19,-0.10381521567186222
2021-11-22,-0.10157506349145277
2021-11-23,-0.08752430892492771
2021-11-24,-0.08599878071451791
2021-11-26,-0.06299104485098592
2021-11-29,-0.08189213061096227
2021-11-30,-0.06202315866542588
2021-12-01,-0.0630528548673949
2021-12-02,-0.0959362596212612
2021-12-03,-0.09027354821912045
2021-12-06,-0.09819954613802594
2021-12-07,-0.10404435543020217
2021-12-08,-0.13689030147034537
2021-12-09,-0.136442824506237
2021-12-10,-0.15404435983149395
2021-12-13,-0.1529181344044285
2021-12-14,-0.1439850690408294
2021-12-15,-0.16679725927616168
2021-12-16,-0.16289007216070892
2021-12-17,-0.13867559484653555
2021-12-20,-0.12299422627054916
2021-12-21,-0.12515403098820443
2021-12-22,-0.12480408959557855
2021-12-23,-0.16782381170145783
2021-12-27,-0.17640292745157968
2021-12-28,-0.18490080791067942
2021-12-29,-0.19188784810232323
2021-12-30,-0.18390662194402094
2021-12-31,-0.19098108140475847
2022-01-03,-0.20986501047758124
2022-01-04,-0.21603033257038434
2022-01-05,-0.2143033585033762
2022-01-06,-0.22167775234962064
2022-01-07,-0.22016959339491324
2022-01-10,-0.20368114015268976
2022-01-11,-0.22757987755749445
2022-01-12,-0.24135537082503192
2022-01-13,-0.21047297371650922
2022-01-14,-0.18699296519394645
2022-01-18,-0.17343473451504446
2022-01-19,-0.17389841660515698
2022-01-20,-0.1880706783662256
2022-01-21,-0.17861772995857325
2022-01-24,-0.18622802882125292
2022-01-25,-0.17891175867321377
2022-01-26,-0.1563290067178476
2022-01-27,-0.171833588166703
2022-01-28,-0.17010957723571682
2022-01-31,-0.17618448663613126
2022-02-01,-0.1872589088929876
2022-02-02,-0.20124720051494566
2022-02-03,-0.16185363754508414
2022-02-04,-0.15624598232521453
2022-02-07,-0.13933499263745505
2022-02-08,-0.15281075373370134
2022-02-09,-0.17001297029286677
2022-02-10,-0.13388305915339782
2022-02-11,-0.12371683127287796
2022-02-14,-0.12394610088944404
2022-02-15,-0.15910730782130036
2022-02-16,-0.16874150283366177
2022-02-17,-0.1391948764275806
2022-02-18,-0.12464618481407819
2022-02-22,-0.11072619243687833
2022-02-23,-0.11286946672361259
2022-02-24,-0.07748969687557851
2022-02-25,-0.08933893912344902
2022-02-28,-0.09526649816601768
2022-03-01,-0.07304013280085994
2022-03-02,-0.09751421306789658
2022-03-03,-0.09554969838060576
2022-03-04,-0.08397804033285786
2022-03-07,-0.059782083146207414
2022-03-08,-0.04007003844949784
2022-03-09,-0.058585065479235594
2022-03-10,-0.05479488329049692
2022-03-11,-0.05717230980530931
2022-03-14,-0.0516353481044761
2022-03-15,-0.04277823306678116
2022-03-16,-0.06454769169885098
2022-03-17,-0.07706151564454185
2022-03-18,-0.10402588707145256
2022-03-21,-0.11654318936458907
2022-03-22,-0.12804518983520924
2022-03-23,-0.11057083969766764
2022-03-24,-0.129592813791685
2022-03-25,-0.12161406472161404
2022-03-28,-0.12148785598460728
2022-03-29,-0.13737801534697583
2022-03-30,-0.15354868935513077
2022-03-31,-0.14966637135331118
2022-04-01,-0.1601897051543187
2022-04-04,-0.16606584781412786
2022-04-05,-0.14290895247730603
2022-04-06,-0.14700691209215688
2022-04-07,-0.14563540329607016
2022-04-08,-0.14683349004574306
2022-04-11,-0.1426188252757235
2022-04-12,-0.12465636713747247
2022-04-13,-0.13652931011914854
2022-04-14,-0.12941111539942535
2022-04-18,-0.12266803392104295
2022-04-19,-0.14658876857148673
2022-04-20,-0.12655598615738128
2022-04-21,-0.1141576841453906
2022-04-22,-0.08252527117180396
2022-04-25,-0.07600113610868454
2022-04-26,-0.04599306966240625
2022-04-27,-0.044185382932166305
2022-04-28,-0.0691615228680758
2022-04-29,-0.04914653920089036
2022-05-02,-0.061734376252171215
2022-05-03,-0.04858600065042111
2022-05-04,-0.06519739181818306
2022-05-05,-0.03132969259807437
2022-05-06,-0.025978909599033703
2022-05-09,0.017335450029449872
2022-05-10,0.017372941832103278
2022-05-11,0.02098762682401467
2022-05-12,0.0372816880619779
2022-05-13,0.023688537933204478
2022-05-16,0.04285162847420592
2022-05-17,0.011648723155637742
2022-05-18,0.0477613234895071
2022-05-19,0.06747606466939164
2022-05-20,0.055493404837843575
2022-05-23,0.027115445108524695
2022-05-24,0.037797979745423496
2022-05-25,0.03985192746733454
2022-05-26,0.019293464805453225
2022-05-27,-0.002558807601059455
2022-05-31,-0.010101276870594682
2022-06-01,-0.00539835431896324
2022-06-02,-0.04297042819214632
2022-06-03,-0.0285965304262154
2022-06-06,-0.026473845914711466
2022-06-07,-0.045819464285777156
2022-06-08,-0.0324435108529419
2022-06-09,-0.011864684133326682
2022-06-10,0.012953498399009684
2022-06-13,0.06179815664098097
2022-06-14,0.08303080560759807
2022-06-15,0.06818749714551187
2022-06-16,0.08716120617161226
2022-06-17,0.08630849623093585
2022-06-21,0.04078050241949395
2022-06-22,0.02704871637684183
2022-06-23,0.015815147443512735
2022-06-24,0.0019300998652706037
2022-06-27,-0.002097421753730285
2022-06-28,0.03630201847318248
2022-06-29,0.02561250761415089
2022-06-30,0.04390317238738991
2022-07-01,0.04641169139305278
2022-07-05,0.027556599846317295
2022-07-06,0.026953897050868068
2022-07-07,0.017518967000084828
2022-07-08,0.020041685814927004
2022-07-11,0.030313195456349213
2022-07-12,0.05473185479553031
2022-07-13,0.06550880032745762
2022-07-14,0.08414200835843415
2022-07-15,0.06765183411031046
2022-07-18,0.07041518021418681
2022-07-19,0.0390403978199384
2022-07-20,0.0366474205829313
2022-07-21,0.02754720950610875
2022-07-22,0.037184205226453264
2022-07-25,0.03153892279730828
2022-07-26,0.05742598620563925
2022-07-27,0.028340228365203023
2022-07-28,0.0193717004104091
2022-07-29,0.0059511748309518785
2022-08-01,0.008714096129036389
2022-08-02,0.00943493169690922
2022-08-03,-0.005210353066374861
2022-08-04,-0.003588660374192081
2022-08-05,-0.017745883694968836
2022-08-08,-0.02030648521266404
2022-08-09,0.0031243119152501077
2022-08-10,-0.00968121808666834
2022-08-11,-0.00936471920291432
2022-08-12,-0.03751500014773413
2022-08-15,-0.048029649988642745
2022-08-16,-0.05667105210926557
2022-08-17,-0.03223882738654079
2022-08-18,-0.03399368524238867
2022-08-19,-0.02585091075248094
2022-08-22,-8.460572317007379e-05
2022-08-23,0.00045780100120168326
2022-08-24,-0.004030637134524888
2022-08-25,-0.014965118948142736
2022-08-26,0.012874413175553205
2022-08-29,0.03179665328417259
2022-08-30,0.05315639544074343
2022-08-31,0.05991908482142857
2022-09-01,0.05691664156647824
2022-09-02,0.056397911404599634
2022-09-06,0.05297856452039506
2022-09-07,0.04306916128456022
2022-09-08,0.049740717359709086
2022-09-09,0.033967956723888075
2022-09-12,0.016888806526872982
2022-09-13,0.07331624979870623
2022-09-14,0.08524056112109388
2022-09-15,0.09546437312303621
2022-09-16,0.10598632475184619
2022-09-19,0.09426679651975851
2022-09-20,0.1135913390299248
2022-09-21,0.13428478647897166
2022-09-22,0.15458800770000014
2022-09-23,0.1829779864048648
2022-09-26,0.19631790541795216
2022-09-27,0.21345980066000414
2022-09-28,0.18567958328880338
2022-09-29,0.20553389981400094
2022-09-30,0.21755506682917197
2022-10-03,0.19123925646298043
2022-10-04,0.14703520152986457
2022-10-05,0.1441975721324715
2022-10-06,0.16928475035849916
2022-10-07,0.20254638317145096
2022-10-10,0.21704469122754538
2022-10-11,0.24006079229577856
2022-10-12,0.24561152891015026
2022-10-13,0.21169727070025707
2022-10-14,0.2312318094772815
2022-10-17,0.1960331852560687
2022-10-18,0.18536384827549818
2022-10-19,0.2013714889786345
2022-10-20,0.21997504501321508
2022-10-21,0.20179602666377988
2022-10-24,0.18646732122897755
2022-10-25,0.17197745417116497
2022-10-26,0.18910349928088588
2022-10-27,0.199201574945233
2022-10-28,0.1624712383490515
2022-10-31,0.17158143033601667
2022-11-01,0.1811519466227225
2022-11-02,0.21485016906184476
2022-11-03,0.22765730488730837
2022-11-04,0.20338149540282927
2022-11-07,0.20369599708272865
2022-11-08,0.19875338800744058
2022-11-09,0.2209268859877103
2022-11-10,0.1407906750461516
2022-11-11,0.12746534845128177
2022-11-14,0.13160143664318655
2022-11-15,0.13195029812002673
2022-11-16,0.136554310386721
2022-11-17,0.13205168415185545
2022-11-18,0.12697271332966753
2022-11-21,0.13015637475698366
2022-11-22,0.12142635522015696
2022-11-23,0.1019551388586705
2022-11-25,0.09393906538528801
2022-11-28,0.10252928346104512
2022-11-29,0.10412294487531872
2022-11-30,0.07834590334410375
2022-12-01,0.07628465379310394
2022-12-02,0.08947363971362209
2022-12-05,0.09439486511255797
2022-12-06,0.11784301213852025
2022-12-07,0.12694466248329955
2022-12-08,0.13475930973578118
2022-12-09,0.147543005928557
2022-12-12,0.12958083328245235
2022-12-13,0.12342371331847225
2022-12-14,0.12552436380186266
2022-12-15,0.14624397881505485
2022-12-16,0.15543199820371884
2022-12-19,0.16759751706434714
2022-12-20,0.17422973067245132
2022-12-21,0.1504367657491554
2022-12-22,0.1687556913230146
2022-12-23,0.17173236134782854
2022-12-27,0.16219098367010512
2022-12-28,0.177179709254005
2022-12-29,0.1544886735933966
2022-12-30,0.14655559195533271
2023-01-03,0.13228075374639045
2023-01-04,0.12122858248111032
2023-01-05,0.1390036580382406
2023-01-06,0.09716095675584334
2023-01-09,0.09825560793779903
2023-01-10,0.09707219373923583
2023-01-11,0.08021938896977482
2023-01-12,0.07662746526768145
2023-01-13,0.05760313030191865
2023-01-17,0.06834930638398587
2023-01-18,0.0838232527959571
2023-01-19,0.10506941587469763
2023-01-20,0.09138829107589806
2023-01-23,0.08419058882091633
2023-01-24,0.08962029612432718
2023-01-25,0.08301086469617798
2023-01-26,0.06584274523057752
2023-01-27,0.07445408490630429
2023-01-30,0.08846453979531604
2023-01-31,0.05838198358893058
2023-02-01,0.038548663595278504
2023-02-02,0.010622713532523035
2023-02-03,0.019475510331037758
2023-02-06,0.03322730159966896
2023-02-07,0.005468304402317483
2023-02-08,0.004703928212861822
2023-02-09,0.008788464336028421
2023-02-10,0.01866779384481469
2023-02-13,0.013658642515138961
2023-02-14,0.024595451146610343
2023-02-15,0.04103088135140274
2023-02-16,0.06550197593826404
2023-02-17,0.0703318353840234
2023-02-21,0.0953233366548373
2023-02-22,0.09815204809149085
2023-02-23,0.08350032489652993
2023-02-24,0.11213997615440453
2023-02-27,0.10780611301828094
2023-02-28,0.13237542810625239
2023-03-01,0.13956860882552638
2023-03-02,0.1323395641666682
2023-03-03,0.11577405290381518
2023-03-06,0.12324807469735251
2023-03-07,0.13842664077766942
2023-03-08,0.14143504300857798
2023-03-09,0.16359556243679296
2023-03-10,0.17838249845594062
2023-03-13,0.18132096530448277
2023-03-14,0.16107254956142658
2023-03-15,0.17365931168292262
2023-03-16,0.1601780300440649
2023-03-17,0.1667602614720334
2023-03-20,0.1557887363180342
2023-03-21,0.1365194749177775
2023-03-22,0.1647510338848316
2023-03-23,0.16604118583968042
2023-03-24,0.16405227733485805
2023-03-27,0.16748337815400147
2023-03-28,0.18528577019439305
2023-03-29,0.1717409053631642
2023-03-30,0.16499331010956955
2023-03-31,0.1536145949074528
2023-04-03,0.1561059103141519
2023-04-04,0.14577134706250716
2023-04-05,0.1604667869469833
2023-04-06,0.15824767240853277
2023-04-10,0.16199132144576342
2023-04-11,0.16370162287856282
2023-04-12,0.16896593426964276
2023-04-13,0.15040442402183182
2023-04-14,0.14626451827832965
2023-04-17,0.1333287382836525
2023-04-18,0.1284781578094419
2023-04-19,0.1306336742372912
2023-04-20,0.15345816470221016
2023-04-21,0.15071415585871464
2023-04-24,0.156249431996429
2023-04-25,0.17403604255724334
2023-04-26,0.1794481962832869
2023-04-27,0.1524973382954724
2023-04-28,0.13664293464354244
2023-05-01,0.14709427284947466
2023-05-02,0.1748309213099598
2023-05-03,0.18570682045621217
2023-05-04,0.1978174373091233
2023-05-05,0.17704437707766696
2023-05-08,0.18270132757198634
2023-05-09,0.18736791819878
2023-05-10,0.19100018680919395
2023-05-11,0.19230771049387022
2023-05-12,0.1749650371839553
2023-05-15,0.18613589898172622
2023-05-16,0.20650380328083093
2023-05-17,0.18852690468103162
2023-05-18,0.18012653755010408
2023-05-19,0.19157536101477257
2023-05-22,0.19207044169071796
2023-05-23,0.2125226792277355
2023-05-24,0.22030296112535197
2023-05-25,0.19316696975859643
2023-05-26,0.18908080822388915
2023-05-30,0.19598288846794432
2023-05-31,0.19755342457944192
2023-06-01,0.17874583456193538
2023-06-02,0.16332770600392643
2023-06-05,0.19028537636634638
2023-06-06,0.18790333197504938
2023-06-07,0.18793345126781474
2023-06-08,0.1826415353522397
2023-06-09,0.17932659515803212
2023-06-12,0.1745452941320118
2023-06-13,0.1757996328008036
2023-06-14,0.17343505306048063
2023-06-15,0.14749970212221375
2023-06-16,0.15764956526746127
2023-06-20,0.17514256106811713
2023-06-21,0.1736266226354677
2023-06-22,0.1679754128291928
2023-06-23,0.19017414192319698
2023-06-26,0.19323748003902352
2023-06-27,0.17633565533294138
2023-06-28,0.16912352773246284
2023-06-29,0.171270389338675
2023-06-30,0.16361072582243133
2023-07-03,0.1725989824930236
2023-07-05,0.17871422552568125
2023-07-06,0.18646119906106695
2023-07-07,0.18623528562945038
2023-07-10,0.18007595631664683
2023-07-11,0.1822895057901774
2023-07-12,0.17490204153648484
2023-07-13,0.16268813006397834
2023-07-14,0.155455018369802
2023-07-17,0.15227330682263027
2023-07-18,0.13001813026800702
2023-07-19,0.13987270328786564
2023-07-20,0.14719716381761383
2023-07-21,0.14848321239159806
2023-07-24,0.13305112628208077
2023-07-25,0.13828256909921768
2023-07-26,0.12189416023430229
2023-07-27,0.11557466702594835
2023-07-28,0.10239123260532072
2023-07-31,0.09441137070010289
2023-08-01,0.09491277365553902
2023-08-02,0.10055409127116653
2023-08-03,0.11299919489112158
2023-08-04,0.13231712336870385
2023-08-07,0.1224294111639965
2023-08-08,0.12202571317879092
2023-08-09,0.1415154532250185
2023-08-10,0.144856669963519
2023-08-11,0.1280541574868847
2023-08-14,0.11775119530324644
2023-08-15,0.14113567154600248
2023-08-16,0.16426106765492235
2023-08-17,0.18542646291038364
2023-08-18,0.18719554425518534
2023-08-21,0.17907751969901659
2023-08-22,0.18838082990065774
2023-08-23,0.17733739367578108
2023-08-24,0.19311014346931604
2023-08-25,0.1908818833513948
2023-08-28,0.19733333157110602
2023-08-29,0.17775366930455777
2023-08-30,0.17462294194076994
2023-08-31,0.17757987488311996
2023-09-01,0.17840592705878713
2023-09-05,0.18016684496066457
2023-09-06,0.1796805420225005
2023-09-07,0.1917666152731453
2023-09-08,0.19036492736287017
2023-09-11,0.17370410904171107
2023-09-12,0.1733745926748947
2023-09-13,0.18132752422940424
2023-09-14,0.1727597140610495
2023-09-15,0.18897968073089902
2023-09-18,0.20219916413299713
2023-09-19,0.2045499444579347
2023-09-20,0.2146176905058794
2023-09-21,0.23805774574191685
2023-09-22,0.2442696979468624
2023-09-25,0.24982244328175923
2023-09-26,0.27148762441030466
2023-09-27,0.27069544707475135
2023-09-28,0.27293293296021504
2023-09-29,0.27960962094192093
2023-10-02,0.2762761193324591
2023-10-03,0.29204030425608013
2023-10-04,0.2777179987540311
2023-10-05,0.2844189385505161
2023-10-06,0.27141694379569453
2023-10-09,0.2645986815372875
2023-10-10,0.2529093594703639
2023-10-11,0.25089151108311764
2023-10-12,0.2665526193811608
2023-10-13,0.2794135317426604
2023-10-16,0.2728991914208847
2023-10-17,0.27431854220385754
2023-10-18,0.292583287961784
2023-10-19,0.3169495456404862
2023-10-20,0.3220474206688645
2023-10-23,0.3315856728039536
2023-10-24,0.32571662220497427
2023-10-25,0.35359720473659995
2023-10-26,0.3507274301676835
2023-10-27,0.3466338186612691
2023-10-30,0.3211514373631813
2023-10-31,0.3268182591907557
2023-11-01,0.31097780804704434
2023-11-02,0.2569260483061216
2023-11-03,0.2388249673981725
2023-11-06,0.25037222389419617
2023-11-07,0.24784513571100542
2023-11-08,0.24040910287543368
2023-11-09,0.2702680208950024
2023-11-10,0.23360901936341763
2023-11-13,0.21194598163954836
2023-11-14,0.1536200931575896
2023-11-15,0.16370632162706636
2023-11-16,0.15333250441140983
2023-11-17,0.17839753381202855
2023-11-20,0.1752174425649042
2023-11-21,0.17764796223198243
2023-11-22,0.19264499475887054
2023-11-24,0.19649119124462064
2023-11-27,0.2181749858170389
2023-11-28,0.21940372507012176
2023-11-29,0.2324252960538599
2023-11-30,0.22534269375021782
2023-12-01,0.22335209603772746
2023-12-04,0.2190171952735089
2023-12-05,0.2337174463053471
2023-12-06,0.23464942973353792
2023-12-07,0.22684321894930706
2023-12-08,0.2145375009941939
2023-12-11,0.2097420478839797
2023-12-12,0.2163575736533177
2023-12-13,0.17459627058584332
2023-12-14,0.16961787726790514
2023-12-15,0.1661768703062763
2023-12-18,0.1408820592981508
2023-12-19,0.14736265646980806
2023-12-20,0.16967018321445745
2023-12-21,0.17009109028545846
2023-12-22,0.17690754139519846
2023-12-26,0.178285778214828
2023-12-27,0.17808125174365005
2023-12-28,0.1779568635140958
2023-12-29,0.17787419543329186
2024-01-02,0.20469003582298775
2024-01-03,0.21206801840412037
2024-01-04,0.21965448907290738
2024-01-05,0.22048902967043066
2024-01-08,0.20126202754688782
2024-01-09,0.20789868962209607
2024-01-10,0.19958809804230201
2024-01-11,0.20547915961009738
2024-01-12,0.1933429713785984
2024-01-16,0.19797818338736448
2024-01-17,0.2027194381315616
2024-01-18,0.2029161409057879
2024-01-19,0.1768932814403167
2024-01-22,0.185694809406503
2024-01-23,0.1906508084504393
2024-01-24,0.18722207568307025
2024-01-25,0.18815682354208818
2024-01-26,0.19809564161155957
2024-01-29,0.18006131543921017
2024-01-30,0.18629554291205164
2024-01-31,0.20550810161054772
2024-02-01,0.19536136837662324
2024-02-02,0.18056877670852062
2024-02-05,0.18378010199671535
2024-02-06,0.17019596278945262
2024-02-07,0.16312112269514714
2024-02-08,0.16210974899665095
2024-02-09,0.15853829478021123
2024-02-12,0.16151054262203143
2024-02-13,0.17372713102365397
2024-02-14,0.14094853470321553
2024-02-15,0.1389875454414751
2024-02-16,0.14126665734762067
2024-02-20,0.16224468205793927
2024-02-21,0.1901401645011343
2024-02-22,0.1741822536768937
2024-02-23,0.17818351461571838
2024-02-26,0.18380803585145125
2024-02-27,0.17837296575527592
2024-02-28,0.1806042415255592
2024-02-29,0.1673576751379039
2024-03-01,0.142793187551446
2024-03-04,0.1486410689723231
2024-03-05,0.16506947599166433
2024-03-06,0.15913581342780195
2024-03-07,0.15344093075420415
2024-03-08,0.16504704851668925
2024-03-11,0.16987893287828573
2024-03-12,0.16353926656717885
2024-03-13,0.16135143221356793
2024-03-14,0.17122674113636444
2024-03-15,0.18175566327601672
2024-03-18,0.1748662906888405
2024-03-19,0.17533624726889258
2024-03-20,0.16278499240468852
2024-03-21,0.1619260538743078
2024-03-22,0.15640843348553737
2024-03-25,0.15651408323853616
2024-03-26,0.16923153868299057
2024-03-27,0.15295060670349026
2024-03-28,0.1516343089603304
2024-04-01,0.15834219569148322
2024-04-02,0.16228018217700907
2024-04-03,0.1267717854515432
2024-04-04,0.13985637319064884
2024-04-05,0.13959700475339468
2024-04-08,0.14833176044477003
2024-04-09,0.15933669831458525
2024-04-10,0.16993041246794513
2024-04-11,0.1484460222536845
2024-04-12,0.152931301859647
2024-04-15,0.16195954954210187
2024-04-16,0.1617646603941814
2024-04-17,0.18323810853468664
2024-04-18,0.19242399764430163
2024-04-19,0.1896026172314703
2024-04-22,0.1811459475219966
2024-04-23,0.14919294031500452
2024-04-24,0.15075830644156593
2024-04-25,0.1573740391389478
2024-04-26,0.16665820944136547
2024-04-29,0.16050481794280466
2024-04-30,0.1908318871942685
2024-05-01,0.20541449938570666
2024-05-02,0.2018423210877674
2024-05-03,0.19324502647853484
2024-05-06,0.1776773121903203
2024-05-07,0.15894896751913754
2024-05-08,0.16963883336652752
2024-05-09,0.15826952561217766
2024-05-10,0.1624625130270065
2024-05-13,0.1568749258893373
2024-05-14,0.14254530929668044
2024-05-15,0.1374735065689359
2024-05-16,0.14430157420485726
2024-05-17,0.14713559781300176
2024-05-20,0.13523790250251816
2024-05-21,0.14000608171148243
2024-05-22,0.14348762636680776
2024-05-23,0.1488523558710839
2024-05-24,0.15276010355974426
2024-05-28,0.15239045272882373
2024-05-29,0.16378166696549107
2024-05-30,0.1735600031448585
2024-05-31,0.15916792032819102
2024-06-03,0.13811749895082465
2024-06-04,0.13076275134118764
2024-06-05,0.11229302767620002
2024-06-06,0.11266665584224266
2024-06-07,0.096237241380318
2024-06-10,0.11075045965451177
2024-06-11,0.08825528640873931
2024-06-12,0.06587680410193628
2024-06-13,0.0752501280519037
2024-06-14,0.0565063547309819
2024-06-17,0.05425867648600365
2024-06-18,0.023242132525414825
2024-06-20,0.018069949180358875
2024-06-21,0.0246457548030468
2024-06-24,0.01351902684158929
2024-06-25,0.031016792418905027
2024-06-26,0.03600288766856952
2024-06-27,0.024036688129702256
2024-06-28,0.039339043337232385
2024-07-01,0.03430086050243182
2024-07-02,0.02878018005305939
2024-07-03,0.041637885338008544
2024-07-05,0.03762400118228969
2024-07-08,0.025005176025613158
2024-07-09,0.020858973590079547
2024-07-10,-0.009402034000309232
2024-07-11,0.004890296855734363
2024-07-12,0.003155587141378043
2024-07-15,0.007058860865575819
2024-07-16,-0.04776259289466025
2024-07-17,-0.09201236511641948
2024-07-18,-0.08699288086993585
2024-07-19,-0.0948646649352861
2024-07-22,-0.019321051268209162
2024-07-23,-0.05178255597831494
2024-07-24,-0.011750229109719129
2024-07-25,0.0012501805318928523
2024-07-26,-0.011443317346492744
2024-07-29,-0.03438061081405232
2024-07-30,-0.028279489473028552
2024-07-31,-0.06593260457643768
2024-08-01,-0.029177481516702988
2024-08-02,0.0054801226146155785
2024-08-05,0.05754356874912678
2024-08-06,0.0544233883152911
2024-08-07,0.06332339648043081
2024-08-08,0.04540438832683875
2024-08-09,0.04208330135479368
2024-08-12,0.048602364976198485
2024-08-13,0.046415123193203636
2024-08-14,0.035776793793920125
2024-08-15,0.011489700740320536
2024-08-16,0.013868620453931673
2024-08-19,0.009930003371149645
2024-08-20,0.011218276139846611
2024-08-21,0.03973417541291965
2024-08-22,0.05670976049708156
2024-08-23,0.04578315466432738
2024-08-26,0.053426898465899486
2024-08-27,0.05911694153209813
2024-08-28,0.06641773158231819
2024-08-29,0.06232161933104641
2024-08-30,0.03473726441643846
2024-09-03,0.05662570875196686
2024-09-04,0.05122217816149043
2024-09-05,0.07597650746376713
2024-09-06,0.08877452005354787
2024-09-09,0.08062805730804277
2024-09-10,0.07572894292003651
2024-09-11,0.06874345156660418
2024-09-12,0.06694539566615207
2024-09-13,0.06128489373758526
2024-09-16,0.0543591473651436
2024-09-17,0.06491695567098396
2024-09-18,0.06899291477391833
2024-09-19,0.056911165928230784
2024-09-20,0.056060962312808604
2024-09-23,0.057127909853034134
2024-09-24,0.04256811640466974
2024-09-25,0.0543229616249863
2024-09-26,0.04131154178321913
2024-09-27,0.04229574910064627
2024-09-30,0.035637410277743815
2024-10-01,0.05542718141011605
2024-10-02,0.06701768165226478
2024-10-03,0.06881128904438669
2024-10-04,0.06780480975389175
2024-10-07,0.08376666322340175
2024-10-08,0.07890976586292402
2024-10-09,0.0700909737889537
2024-10-10,0.07739900732770368
2024-10-11,0.07984831198719711
2024-10-14,0.06316371180903416
2024-10-15,0.07054891276420168
2024-10-16,0.07202254103275793
2024-10-17,0.07515055798422697
2024-10-18,0.0673661234797488
2024-10-21,0.07082020770624553
2024-10-22,0.06709043567283622
2024-10-23,0.08042892868224315
2024-10-24,0.08390908067869873
2024-10-25,0.08413564320560772
2024-10-28,0.08278156106756268
2024-10-29,0.08172582543517314
2024-10-30,0.09378589457296733
2024-10-31,0.11531077825975403
2024-11-01,0.11517950609678244
2024-11-04,0.11852211218701786
2024-11-05,0.10169886377645297
2024-11-06,0.0731753977748229
2024-11-07,0.06132327151293286
